{
    "ticker": "sh515150",
    "category": "ETF",
    "best_params": {
        "window": 80,
        "slope": 0.011602657818153117,
        "model_th": 0.4119457594423119,
        "predict_up": -0.0006789087507280732,
        "init_pt": 0.018168830039297926,
        "trend_pt": 0.015304301403551015,
        "tp1": 1.0121962306598449,
        "tp2": 1.0992490521951483,
        "kelly": 0.47599573293512926,
        "risk": 0.005804025516601748,
        "atr_stop": 2.419172529870165,
        "max_stop": 0.023161895771036743,
        "min_stop": 0.005703921057046169,
        "strength_alpha": 1.3229874968731985,
        "confirm_n": 1,
        "atr_mult": 3.9181794803419665,
        "slope_min": 0.0002599207039841769
    },
    "intercept_stats": {
        "ticker": "sh515150",
        "status": "HEALTHY",
        "success_count": 21,
        "total_scans": 13,
        "intercept_report": {
            "model_confidence": 41,
            "slope_filter": 29,
            "predict_up_filter": 9,
            "zero_strength_ghost": 4,
            "other_error": 0
        },
        "current_config": {
            "window": 80,
            "slope": 0.011602657818153117,
            "model_th": 0.4119457594423119,
            "predict_up": -0.0006789087507280732,
            "init_pt": 0.018168830039297926,
            "trend_pt": 0.015304301403551015,
            "tp1": 1.0121962306598449,
            "tp2": 1.0992490521951483,
            "kelly": 0.47599573293512926,
            "risk": 0.005804025516601748,
            "atr_stop": 2.419172529870165,
            "max_stop": 0.023161895771036743,
            "min_stop": 0.005703921057046169,
            "strength_alpha": 1.3229874968731985,
            "confirm_n": 1,
            "atr_mult": 3.9181794803419665,
            "slope_min": 0.0002599207039841769
        },
        "slope_stats": {
            "max_ref": 0.14279773039528407,
            "avg_ref": 0.08371664412318378,
            "all_positive_slopes": [
                0.0310978027352538,
                0.07059325305140547,
                0.123241388600423,
                0.10930361055687647,
                0.09341646060783075,
                0.0679172739663825,
                0.041226337433505456,
                0.056784003767410246,
                0.06936019972292648,
                0.08505927038055267,
                0.09072991738501479,
                0.08310249307478842,
                0.08806248461060294,
                0.08933701096068596,
                0.10187487797631795,
                0.0764037773044959,
                0.048176442189203285,
                0.01666504112609182,
                0.007465008280407035,
                0.024448430350537773,
                0.024199519235807404,
                0.01130131245291228,
                0.024143151200684058,
                0.03756796155227784,
                0.02830217674765285,
                0.015247500764484848,
                0.0046282038712053475,
                0.02537959910487113,
                0.01746302690699791,
                0.027420255427716735,
                0.0677030329158814,
                0.13049835295115647,
                0.13367204924426984,
                0.13493350395900552,
                0.14153606710673355,
                0.1429870145190117,
                0.14135292152573437,
                0.14003727884697456,
                0.13240910669121725,
                0.13054055486080404,
                0.14619227335410354,
                0.14335684740895413,
                0.14204059390037363,
                0.14310580303396814,
                0.12529414677250283,
                0.12221195417918453,
                0.12880684160066544,
                0.11618985554568764,
                0.1094152418100714,
                0.11289627712823114,
                0.11985676887800492,
                0.12887580037639798,
                0.11672322935678757,
                0.08770364194764131,
                0.039561202899760166,
                0.032368298450081705,
                0.06076008856552104,
                0.0992383280451315,
                0.12527023342485796,
                0.12701943233534455,
                0.10761260766772017,
                0.08323077043526085,
                0.07539260483335339,
                0.04243305762176735,
                0.0204382944694612
            ]
        },
        "success_rate": "161.5%"
    },
    "search_space": {
        "model_th": {
            "low": 0.35,
            "high": 0.45
        },
        "slope": {
            "low": -0.005,
            "high": 0.005
        },
        "predict_up": {
            "low": -0.005,
            "high": 0.005
        },
        "init_pt": {
            "low": 0.005,
            "high": 0.02
        },
        "trend_pt": {
            "low": 0.01,
            "high": 0.1
        },
        "tp1": {
            "low": 1.01,
            "high": 1.03
        },
        "tp2": {
            "low": 1.05,
            "high": 1.15
        },
        "kelly": {
            "low": 0.2,
            "high": 0.6
        },
        "risk": {
            "low": 0.005,
            "high": 0.01
        },
        "atr_stop": {
            "low": 1.5,
            "high": 2.5
        },
        "max_stop": {
            "low": 0.02,
            "high": 0.05
        },
        "min_stop": {
            "low": 0.005,
            "high": 0.01
        },
        "strength_alpha": {
            "low": 1.2,
            "high": 1.5
        },
        "confirm_n": {
            "low": 1,
            "high": 1
        },
        "atr_mult": {
            "low": 2.5,
            "high": 4.5
        },
        "slope_min": {
            "low": 0.0,
            "high": 0.0005
        }
    },
    "initial_trial": {
        "model_th": 0.38,
        "slope": 0.0005,
        "predict_up": 0.0,
        "init_pt": 0.01,
        "trend_stage": 0.05,
        "tp1": 1.02,
        "tp2": 1.08,
        "kelly": 0.5,
        "risk": 0.008,
        "atr_stop": 2.0,
        "max_stop": 0.03,
        "min_stop": 0.005,
        "strength_alpha": 1.2,
        "confirm_n": 1,
        "atr_mult": 2.5,
        "slope_min": 0.0001
    },
    "_META": {
        "last_optimized": "2026-05-01 04:39:25",
        "best_value": 0.2892,
        "status": "ACTIVE"
    }
}