{
    "ticker": "sh512760",
    "category": "ETF",
    "best_params": {
        "model_th": 0.35460276947208524,
        "slope": 0.0008778463489330923,
        "slope_min": 5.574839761146222e-05,
        "predict_up": -0.0028786183221808804,
        "init_pt": 0.0068911448037308025,
        "trend_pt": 0.07407701302459492,
        "tp1": 1.0239135725549098,
        "tp2": 1.1199949260925788,
        "kelly": 0.4169829732160714,
        "risk": 0.009174409251656239,
        "atr_stop": 2.275336410419187,
        "max_stop": 0.04681992740233713,
        "min_stop": 0.008280666327318175,
        "strength_alpha": 1.2303527877966103,
        "confirm_n": 1,
        "atr_mult": 2.6076021192196
    },
    "intercept_stats": {
        "ticker": "sh512760",
        "status": "ANEMIC",
        "success_count": 1,
        "total_scans": 25,
        "intercept_report": {
            "model_confidence": 3,
            "slope_filter": 116,
            "predict_up_filter": 24,
            "zero_strength_ghost": 56,
            "other_error": 0
        },
        "current_config": {
            "model_th": 0.35460276947208524,
            "slope": 0.0008778463489330923,
            "slope_min": 5.574839761146222e-05,
            "predict_up": -0.0028786183221808804,
            "init_pt": 0.0068911448037308025,
            "trend_pt": 0.07407701302459492,
            "tp1": 1.0239135725549098,
            "tp2": 1.1199949260925788,
            "kelly": 0.4169829732160714,
            "risk": 0.009174409251656239,
            "atr_stop": 2.275336410419187,
            "max_stop": 0.04681992740233713,
            "min_stop": 0.008280666327318175,
            "strength_alpha": 1.2303527877966103,
            "confirm_n": 1,
            "atr_mult": 2.6076021192196
        },
        "sample_details": [
            {
                "day": "2026-03-27 10:00:00",
                "slope": 0.026490290485720595,
                "strength": 0.019514287531339138
            }
        ],
        "success_rate": "4.0%"
    },
    "search_space": {
        "model_th": {
            "low": 0.35,
            "high": 0.45
        },
        "slope": {
            "low": -0.005,
            "high": 0.005
        },
        "slope_min": {
            "low": 0.0,
            "high": 0.0005
        },
        "predict_up": {
            "low": -0.005,
            "high": 0.005
        },
        "init_pt": {
            "low": 0.005,
            "high": 0.02
        },
        "trend_pt": {
            "low": 0.01,
            "high": 0.1
        },
        "tp1": {
            "low": 1.01,
            "high": 1.03
        },
        "tp2": {
            "low": 1.05,
            "high": 1.15
        },
        "kelly": {
            "low": 0.2,
            "high": 0.6
        },
        "risk": {
            "low": 0.005,
            "high": 0.01
        },
        "atr_stop": {
            "low": 1.5,
            "high": 2.5
        },
        "max_stop": {
            "low": 0.02,
            "high": 0.05
        },
        "min_stop": {
            "low": 0.005,
            "high": 0.01
        },
        "strength_alpha": {
            "low": 1.2,
            "high": 1.5
        },
        "confirm_n": {
            "low": 1,
            "high": 1
        },
        "atr_mult": {
            "low": 2.5,
            "high": 4.5
        }
    },
    "initial_trial": {
        "model_th": 0.38,
        "slope": 0.0005,
        "slope_min": 0.0001,
        "predict_up": 0.0,
        "init_pt": 0.01,
        "trend_stage": 0.05,
        "tp1": 1.02,
        "tp2": 1.08,
        "kelly": 0.5,
        "risk": 0.008,
        "atr_stop": 2.0,
        "max_stop": 0.03,
        "min_stop": 0.005,
        "strength_alpha": 1.2,
        "confirm_n": 1,
        "atr_mult": 2.5
    },
    "_META": {
        "last_optimized": "2026-04-05 20:31:05",
        "best_value": 53.6143,
        "status": "ACTIVE"
    }
}