{
    "ticker": "sh512760",
    "category": "ETF",
    "best_params": {
        "window": 92,
        "slope": 0.020465595200982768,
        "model_th": 0.448296358054167,
        "predict_up": -0.0027334952440785064,
        "init_pt": 0.01994674419817946,
        "trend_pt": 0.05939936543205333,
        "tp1": 1.011034568676679,
        "tp2": 1.1406141324155423,
        "kelly": 0.39183101395772196,
        "risk": 0.005468290703075587,
        "atr_stop": 1.6185892483906708,
        "max_stop": 0.03938228603315935,
        "min_stop": 0.006003128768614207,
        "strength_alpha": 1.3064647776318754,
        "confirm_n": 1,
        "atr_mult": 4.108556573726989,
        "slope_min": 0.0004987869061251774
    },
    "intercept_stats": {
        "ticker": "sh512760",
        "status": "HEALTHY",
        "success_count": 16,
        "total_scans": 13,
        "intercept_report": {
            "model_confidence": 66,
            "slope_filter": 18,
            "predict_up_filter": 4,
            "zero_strength_ghost": 0,
            "other_error": 0
        },
        "current_config": {
            "window": 92,
            "slope": 0.020465595200982768,
            "model_th": 0.448296358054167,
            "predict_up": -0.0027334952440785064,
            "init_pt": 0.01994674419817946,
            "trend_pt": 0.05939936543205333,
            "tp1": 1.011034568676679,
            "tp2": 1.1406141324155423,
            "kelly": 0.39183101395772196,
            "risk": 0.005468290703075587,
            "atr_stop": 1.6185892483906708,
            "max_stop": 0.03938228603315935,
            "min_stop": 0.006003128768614207,
            "strength_alpha": 1.3064647776318754,
            "confirm_n": 1,
            "atr_mult": 4.108556573726989,
            "slope_min": 0.0004987869061251774
        },
        "slope_stats": {
            "max_ref": 0.1604194877165031,
            "avg_ref": 0.11059608482527285,
            "all_positive_slopes": [
                0.05193082155264936,
                0.05706982355021478,
                0.05987331147310012,
                0.06544529485310811,
                0.08659382500725062,
                0.10494490784492393,
                0.13021862260276162,
                0.14709265851254605,
                0.15176919228976543,
                0.15823333457486247,
                0.15950437088559147,
                0.15901613930075095,
                0.15852225523888067,
                0.15508906859693733,
                0.1541432743526409,
                0.15323143871807346,
                0.12946489406021883,
                0.09334364160481462,
                0.06370086998459658,
                0.018655254781212487,
                0.007439869745474021,
                0.04117957353791255,
                0.07901791012628431,
                0.10523932404877007,
                0.1241814256193655,
                0.13728708434048606,
                0.14783253559836498,
                0.14681388204059773,
                0.13354689597898015,
                0.12787812451024017,
                0.11132953704738394,
                0.09054380095158782,
                0.07437110424419043,
                0.040471488414698276,
                0.045658473099339916,
                0.04207230990004367,
                0.05103206175033109,
                0.05434924351278652,
                0.06061419304323531,
                0.06320729474028036,
                0.08704897214587858,
                0.1058155620188556,
                0.12246106476305917,
                0.13706049441756027,
                0.1483272091869254,
                0.15769206109876846,
                0.16223929636144815,
                0.1623709237610694,
                0.1631006288048679,
                0.1638527475073226,
                0.1604323826842148,
                0.15662808715721022,
                0.14948172367239695,
                0.13688826983757185,
                0.12005046316992316,
                0.10159579150680514,
                0.0578559057327667,
                0.013289523781839565,
                0.00990274558688831,
                0.047287487377542445,
                0.08279775088948667,
                0.11038254926373034,
                0.12911046965383696,
                0.14489507161050844,
                0.13932523286312637,
                0.14570997343380682,
                0.1519766471937814,
                0.1578464551337602,
                0.15946760227650647,
                0.16017448332998074,
                0.158793566979389,
                0.15556520606623744,
                0.15098410407584129,
                0.14498758083068122,
                0.1377473037955906,
                0.12901095266255672,
                0.12263607436350644,
                0.1122297441046955,
                0.10262449779165653,
                0.0899471485198397,
                0.06064152626652745,
                0.016734541959157537
            ]
        },
        "success_rate": "123.1%"
    },
    "search_space": {
        "model_th": {
            "low": 0.35,
            "high": 0.45
        },
        "slope": {
            "low": -0.005,
            "high": 0.005
        },
        "predict_up": {
            "low": -0.005,
            "high": 0.005
        },
        "init_pt": {
            "low": 0.005,
            "high": 0.02
        },
        "trend_pt": {
            "low": 0.01,
            "high": 0.1
        },
        "tp1": {
            "low": 1.01,
            "high": 1.03
        },
        "tp2": {
            "low": 1.05,
            "high": 1.15
        },
        "kelly": {
            "low": 0.2,
            "high": 0.6
        },
        "risk": {
            "low": 0.005,
            "high": 0.01
        },
        "atr_stop": {
            "low": 1.5,
            "high": 2.5
        },
        "max_stop": {
            "low": 0.02,
            "high": 0.05
        },
        "min_stop": {
            "low": 0.005,
            "high": 0.01
        },
        "strength_alpha": {
            "low": 1.2,
            "high": 1.5
        },
        "confirm_n": {
            "low": 1,
            "high": 1
        },
        "atr_mult": {
            "low": 2.5,
            "high": 4.5
        },
        "slope_min": {
            "low": 0.0,
            "high": 0.0005
        }
    },
    "initial_trial": {
        "model_th": 0.38,
        "slope": 0.0005,
        "predict_up": 0.0,
        "init_pt": 0.01,
        "trend_stage": 0.05,
        "tp1": 1.02,
        "tp2": 1.08,
        "kelly": 0.5,
        "risk": 0.008,
        "atr_stop": 2.0,
        "max_stop": 0.03,
        "min_stop": 0.005,
        "strength_alpha": 1.2,
        "confirm_n": 1,
        "atr_mult": 2.5,
        "slope_min": 0.0001
    },
    "_META": {
        "last_optimized": "2026-05-10 12:45:22",
        "best_value": 91.87403,
        "status": "ACTIVE"
    }
}