{
    "ticker": "sh515050",
    "category": "ETF",
    "best_params": {
        "model_th": 0.6655346443846121,
        "slope": 0.004117281349994871,
        "slope_min": 0.003147956612743025,
        "predict_up": -0.009265723192180053,
        "init_pt": 0.02256544746078806,
        "trend_pt": 0.019171228519563266,
        "tp1": 1.1722902252274512,
        "tp2": 1.1957602809878582,
        "kelly": 0.49073674221759667,
        "risk": 0.009324672510610855,
        "atr_stop": 3.513543646086868,
        "max_stop": 0.09829248222643024,
        "min_stop": 0.02085097726579747,
        "strength_alpha": 4.160756129115852,
        "confirm_n": 1,
        "atr_mult": 2.620127414511293
    },
    "intercept_stats": {
        "success_count": 0,
        "intercept_report": {
            "model_confidence": 0,
            "slope_filter": 0,
            "predict_up_filter": 0,
            "zero_strength_ghost": 0,
            "other_error": 20
        },
        "scan_days": 20,
        "total_scans": 20,
        "success_rate": "0.0%"
    },
    "search_space": {
        "model_th": {
            "low": 0.6,
            "high": 0.75
        },
        "slope": {
            "low": -0.005,
            "high": 0.005
        },
        "slope_min": {
            "low": 0.0,
            "high": 0.005
        },
        "predict_up": {
            "low": -0.05,
            "high": 0.01
        },
        "init_pt": {
            "low": 0.01,
            "high": 0.05
        },
        "trend_pt": {
            "low": 0.01,
            "high": 0.1
        },
        "tp1": {
            "low": 1.1,
            "high": 1.2
        },
        "tp2": {
            "low": 1.1,
            "high": 1.25
        },
        "kelly": {
            "low": 0.2,
            "high": 0.6
        },
        "risk": {
            "low": 0.005,
            "high": 0.01
        },
        "atr_stop": {
            "low": 3.0,
            "high": 7.0
        },
        "max_stop": {
            "low": 0.05,
            "high": 0.12
        },
        "min_stop": {
            "low": 0.02,
            "high": 0.03
        },
        "strength_alpha": {
            "low": 2.0,
            "high": 15.0
        },
        "confirm_n": {
            "low": 1,
            "high": 1
        },
        "atr_mult": {
            "low": 2.5,
            "high": 4.5
        }
    },
    "initial_trial": {
        "model_th": 0.6,
        "slope": 0.0018,
        "slope_min": 0.0005,
        "predict_up": 0.001,
        "init_pt": 0.01,
        "trend_stage": 0.1,
        "tp1": 1.12,
        "tp2": 1.2,
        "kelly": 0.2,
        "risk": 0.01,
        "atr_stop": 3.0,
        "max_stop": 0.05,
        "min_stop": 0.02,
        "strength_alpha": 10,
        "confirm_n": 1,
        "atr_mult": 3.2
    },
    "_META": {
        "last_optimized": "2026-04-02 18:03:27",
        "best_value": -70.15072,
        "status": "SIGNAL_BLOCKED"
    }
}