{
    "ticker": "sh515150",
    "category": "ETF",
    "best_params": {
        "window": 52,
        "model_th": 0.3536782814418239,
        "slope": 0.00014285435377503117,
        "slope_min": 0.00015089841863136843,
        "predict_up": -0.0017827233408408067,
        "init_pt": 0.019193788525619142,
        "trend_pt": 0.0974524171956738,
        "tp1": 1.0219512578730194,
        "tp2": 1.1188763306660183,
        "kelly": 0.4882050119987475,
        "risk": 0.008979060976560605,
        "atr_stop": 1.9211768127306994,
        "max_stop": 0.028844933187093948,
        "min_stop": 0.006189875979143818,
        "strength_alpha": 1.257469077894931,
        "confirm_n": 1,
        "atr_mult": 2.9626288573945048
    },
    "intercept_stats": {
        "ticker": "sh515150",
        "status": "ANEMIC",
        "success_count": 0,
        "total_scans": 13,
        "intercept_report": {
            "model_confidence": 10,
            "slope_filter": 65,
            "predict_up_filter": 2,
            "zero_strength_ghost": 27,
            "other_error": 0
        },
        "current_config": {
            "window": 52,
            "model_th": 0.3536782814418239,
            "slope": 0.00014285435377503117,
            "slope_min": 0.00015089841863136843,
            "predict_up": -0.0017827233408408067,
            "init_pt": 0.019193788525619142,
            "trend_pt": 0.0974524171956738,
            "tp1": 1.0219512578730194,
            "tp2": 1.1188763306660183,
            "kelly": 0.4882050119987475,
            "risk": 0.008979060976560605,
            "atr_stop": 1.9211768127306994,
            "max_stop": 0.028844933187093948,
            "min_stop": 0.006189875979143818,
            "strength_alpha": 1.257469077894931,
            "confirm_n": 1,
            "atr_mult": 2.9626288573945048
        },
        "sample_details": [],
        "success_rate": "0.0%"
    },
    "search_space": {
        "model_th": {
            "low": 0.35,
            "high": 0.45
        },
        "slope": {
            "low": -0.005,
            "high": 0.005
        },
        "slope_min": {
            "low": 0.0,
            "high": 0.0005
        },
        "predict_up": {
            "low": -0.005,
            "high": 0.005
        },
        "init_pt": {
            "low": 0.005,
            "high": 0.02
        },
        "trend_pt": {
            "low": 0.01,
            "high": 0.1
        },
        "tp1": {
            "low": 1.01,
            "high": 1.03
        },
        "tp2": {
            "low": 1.05,
            "high": 1.15
        },
        "kelly": {
            "low": 0.2,
            "high": 0.6
        },
        "risk": {
            "low": 0.005,
            "high": 0.01
        },
        "atr_stop": {
            "low": 1.5,
            "high": 2.5
        },
        "max_stop": {
            "low": 0.02,
            "high": 0.05
        },
        "min_stop": {
            "low": 0.005,
            "high": 0.01
        },
        "strength_alpha": {
            "low": 1.2,
            "high": 1.5
        },
        "confirm_n": {
            "low": 1,
            "high": 1
        },
        "atr_mult": {
            "low": 2.5,
            "high": 4.5
        }
    },
    "initial_trial": {
        "model_th": 0.38,
        "slope": 0.0005,
        "slope_min": 0.0001,
        "predict_up": 0.0,
        "init_pt": 0.01,
        "trend_stage": 0.05,
        "tp1": 1.02,
        "tp2": 1.08,
        "kelly": 0.5,
        "risk": 0.008,
        "atr_stop": 2.0,
        "max_stop": 0.03,
        "min_stop": 0.005,
        "strength_alpha": 1.2,
        "confirm_n": 1,
        "atr_mult": 2.5
    },
    "_META": {
        "last_optimized": "2026-04-12 17:32:02",
        "best_value": -40.24435,
        "status": "SIGNAL_BLOCKED"
    }
}