{
    "ticker": "sh515150",
    "category": "ETF",
    "best_params": {
        "model_th": 0.39421073729010814,
        "slope": -0.0038551135101987893,
        "slope_min": 0.0002913379660485739,
        "predict_up": 0.001087073778769181,
        "init_pt": 0.015720760791775992,
        "trend_pt": 0.012786013617404175,
        "tp1": 1.0180954050927333,
        "tp2": 1.1474937185739496,
        "kelly": 0.33119812459739467,
        "risk": 0.007811469108571502,
        "atr_stop": 2.088341638056598,
        "max_stop": 0.03844791434196441,
        "min_stop": 0.006351196481777976,
        "strength_alpha": 1.2737133326221415,
        "confirm_n": 1,
        "atr_mult": 3.7215448003200224
    },
    "intercept_stats": {
        "ticker": "sh515150",
        "status": "ANEMIC",
        "success_count": 0,
        "total_scans": 25,
        "intercept_report": {
            "model_confidence": 3,
            "slope_filter": 181,
            "predict_up_filter": 16,
            "zero_strength_ghost": 0,
            "other_error": 0
        },
        "current_config": {
            "model_th": 0.39421073729010814,
            "slope": -0.0038551135101987893,
            "slope_min": 0.0002913379660485739,
            "predict_up": 0.001087073778769181,
            "init_pt": 0.015720760791775992,
            "trend_pt": 0.012786013617404175,
            "tp1": 1.0180954050927333,
            "tp2": 1.1474937185739496,
            "kelly": 0.33119812459739467,
            "risk": 0.007811469108571502,
            "atr_stop": 2.088341638056598,
            "max_stop": 0.03844791434196441,
            "min_stop": 0.006351196481777976,
            "strength_alpha": 1.2737133326221415,
            "confirm_n": 1,
            "atr_mult": 3.7215448003200224
        },
        "sample_details": [],
        "success_rate": "0.0%"
    },
    "search_space": {
        "model_th": {
            "low": 0.35,
            "high": 0.45
        },
        "slope": {
            "low": -0.005,
            "high": 0.005
        },
        "slope_min": {
            "low": 0.0,
            "high": 0.0005
        },
        "predict_up": {
            "low": -0.005,
            "high": 0.005
        },
        "init_pt": {
            "low": 0.005,
            "high": 0.02
        },
        "trend_pt": {
            "low": 0.01,
            "high": 0.1
        },
        "tp1": {
            "low": 1.01,
            "high": 1.03
        },
        "tp2": {
            "low": 1.05,
            "high": 1.15
        },
        "kelly": {
            "low": 0.2,
            "high": 0.6
        },
        "risk": {
            "low": 0.005,
            "high": 0.01
        },
        "atr_stop": {
            "low": 1.5,
            "high": 2.5
        },
        "max_stop": {
            "low": 0.02,
            "high": 0.05
        },
        "min_stop": {
            "low": 0.005,
            "high": 0.01
        },
        "strength_alpha": {
            "low": 1.2,
            "high": 1.5
        },
        "confirm_n": {
            "low": 1,
            "high": 1
        },
        "atr_mult": {
            "low": 2.5,
            "high": 4.5
        }
    },
    "initial_trial": {
        "model_th": 0.38,
        "slope": 0.0005,
        "slope_min": 0.0001,
        "predict_up": 0.0,
        "init_pt": 0.01,
        "trend_stage": 0.05,
        "tp1": 1.02,
        "tp2": 1.08,
        "kelly": 0.5,
        "risk": 0.008,
        "atr_stop": 2.0,
        "max_stop": 0.03,
        "min_stop": 0.005,
        "strength_alpha": 1.2,
        "confirm_n": 1,
        "atr_mult": 2.5
    },
    "_META": {
        "last_optimized": "2026-04-05 21:14:31",
        "best_value": -80.4656,
        "status": "SIGNAL_BLOCKED"
    }
}