{
    "ticker": "sh512760",
    "category": "ETF",
    "best_params": {
        "window": 60,
        "slope": 0.1168751924201198,
        "model_th": 0.37235961836192283,
        "predict_up": 0.0031747779199925536,
        "init_pt": 0.014979379637949274,
        "trend_pt": 0.0893575093106817,
        "tp1": 1.02507514199214,
        "tp2": 1.1499416916947072,
        "kelly": 0.5486177806501114,
        "risk": 0.006627932166165995,
        "atr_stop": 1.6454342280223186,
        "max_stop": 0.021730331174891752,
        "min_stop": 0.007346735190086686,
        "strength_alpha": 1.4915891676520605,
        "confirm_n": 1,
        "atr_mult": 3.2196770051994497,
        "slope_min": 8.541353188445978e-05
    },
    "intercept_stats": {
        "ticker": "sh512760",
        "status": "ANEMIC",
        "success_count": 0,
        "total_scans": 13,
        "intercept_report": {
            "model_confidence": 46,
            "slope_filter": 25,
            "predict_up_filter": 33,
            "zero_strength_ghost": 0,
            "other_error": 0
        },
        "current_config": {
            "window": 60,
            "slope": 0.1168751924201198,
            "model_th": 0.37235961836192283,
            "predict_up": 0.0031747779199925536,
            "init_pt": 0.014979379637949274,
            "trend_pt": 0.0893575093106817,
            "tp1": 1.02507514199214,
            "tp2": 1.1499416916947072,
            "kelly": 0.5486177806501114,
            "risk": 0.006627932166165995,
            "atr_stop": 1.6454342280223186,
            "max_stop": 0.021730331174891752,
            "min_stop": 0.007346735190086686,
            "strength_alpha": 1.4915891676520605,
            "confirm_n": 1,
            "atr_mult": 3.2196770051994497,
            "slope_min": 8.541353188445978e-05
        },
        "slope_stats": {
            "max_ref": 0.1597363738352473,
            "avg_ref": 0.11386105151924625,
            "all_positive_slopes": [
                0.14874559799390524,
                0.14861174424059936,
                0.14759834974864638,
                0.14728006517457554,
                0.1541990843698576,
                0.15164832598370376,
                0.15097911658422025,
                0.14901708517762755,
                0.14460052794898395,
                0.14623235479212643,
                0.14751164046484852,
                0.14623746682883593,
                0.1429262043907898,
                0.13824538256513474,
                0.13177049240221536,
                0.1287033221631755,
                0.11679110842029615,
                0.11677750732091231,
                0.1175342410850268,
                0.11752257007732114,
                0.1170646994017245,
                0.12754187463330854,
                0.12862087948671594,
                0.12937066040571438,
                0.13000889110749916,
                0.13224139142461633,
                0.1372972269676999,
                0.1401110579665032,
                0.13931334949869018,
                0.14221267868960338,
                0.1416913460192736,
                0.13219986574981735,
                0.11323432431344514,
                0.097961986995315,
                0.0763669043789028,
                0.05503245228883761,
                0.01874232445852377,
                0.009340135673210721,
                0.013988459958264497,
                0.026988273484496752,
                0.049588265106427824,
                0.05193082155264936,
                0.05706982355021478,
                0.05987331147310012,
                0.06544529485310811,
                0.08659382500725062,
                0.10494490784492393,
                0.13021862260276162,
                0.14709265851254605,
                0.15176919228976543,
                0.15823333457486247,
                0.15950437088559147,
                0.15901613930075095,
                0.15852225523888067,
                0.15508906859693733,
                0.1541432743526409,
                0.15323143871807346,
                0.12946489406021883,
                0.09334364160481462,
                0.06370086998459658,
                0.018655254781212487,
                0.007439869745474021,
                0.04117957353791255,
                0.07901791012628431,
                0.10523932404877007,
                0.1241814256193655,
                0.13728708434048606,
                0.14783253559836498,
                0.14681388204059773,
                0.13354689597898015,
                0.12787812451024017,
                0.11132953704738394,
                0.09054380095158782,
                0.07437110424419043,
                0.040471488414698276,
                0.045658473099339916,
                0.04207230990004367,
                0.05103206175033109,
                0.05434924351278652,
                0.06061419304323531,
                0.06320729474028036,
                0.08704897214587858,
                0.1058155620188556,
                0.12246106476305917,
                0.13706049441756027,
                0.1483272091869254,
                0.15769206109876846,
                0.16223929636144815,
                0.1623709237610694,
                0.1631006288048679,
                0.1638527475073226,
                0.1604323826842148,
                0.15662808715721022,
                0.14948172367239695,
                0.13688826983757185,
                0.12350315465384544
            ]
        },
        "success_rate": "0.0%"
    },
    "search_space": {
        "model_th": {
            "low": 0.35,
            "high": 0.45
        },
        "slope": {
            "low": -0.005,
            "high": 0.005
        },
        "predict_up": {
            "low": -0.005,
            "high": 0.005
        },
        "init_pt": {
            "low": 0.005,
            "high": 0.02
        },
        "trend_pt": {
            "low": 0.01,
            "high": 0.1
        },
        "tp1": {
            "low": 1.01,
            "high": 1.03
        },
        "tp2": {
            "low": 1.05,
            "high": 1.15
        },
        "kelly": {
            "low": 0.2,
            "high": 0.6
        },
        "risk": {
            "low": 0.005,
            "high": 0.01
        },
        "atr_stop": {
            "low": 1.5,
            "high": 2.5
        },
        "max_stop": {
            "low": 0.02,
            "high": 0.05
        },
        "min_stop": {
            "low": 0.005,
            "high": 0.01
        },
        "strength_alpha": {
            "low": 1.2,
            "high": 1.5
        },
        "confirm_n": {
            "low": 1,
            "high": 1
        },
        "atr_mult": {
            "low": 2.5,
            "high": 4.5
        },
        "slope_min": {
            "low": 0.0,
            "high": 0.0005
        }
    },
    "initial_trial": {
        "model_th": 0.38,
        "slope": 0.0005,
        "predict_up": 0.0,
        "init_pt": 0.01,
        "trend_stage": 0.05,
        "tp1": 1.02,
        "tp2": 1.08,
        "kelly": 0.5,
        "risk": 0.008,
        "atr_stop": 2.0,
        "max_stop": 0.03,
        "min_stop": 0.005,
        "strength_alpha": 1.2,
        "confirm_n": 1,
        "atr_mult": 2.5,
        "slope_min": 0.0001
    },
    "_META": {
        "last_optimized": "2026-04-27 07:10:38",
        "best_value": 60.00663,
        "status": "SIGNAL_BLOCKED"
    }
}