{
    "ticker": "sh512760",
    "category": "ETF",
    "best_params": {
        "window": 20,
        "model_th": 0.4247801473233325,
        "slope": -0.002878829393657849,
        "slope_min": 0.00014928159617013889,
        "predict_up": 0.0030508662347642768,
        "init_pt": 0.01358573346469686,
        "trend_pt": 0.08670685431452047,
        "tp1": 1.01409003537664,
        "tp2": 1.0907254422824728,
        "kelly": 0.44702482587449904,
        "risk": 0.005920464712846378,
        "atr_stop": 1.9368139732402652,
        "max_stop": 0.02137617491488769,
        "min_stop": 0.007905296978352353,
        "strength_alpha": 1.3019199416942944,
        "confirm_n": 1,
        "atr_mult": 4.167055321339126
    },
    "intercept_stats": {
        "ticker": "sh512760",
        "status": "ANEMIC",
        "success_count": 0,
        "total_scans": 13,
        "intercept_report": {
            "model_confidence": 10,
            "slope_filter": 73,
            "predict_up_filter": 16,
            "zero_strength_ghost": 5,
            "other_error": 0
        },
        "current_config": {
            "window": 20,
            "model_th": 0.4247801473233325,
            "slope": -0.002878829393657849,
            "slope_min": 0.00014928159617013889,
            "predict_up": 0.0030508662347642768,
            "init_pt": 0.01358573346469686,
            "trend_pt": 0.08670685431452047,
            "tp1": 1.01409003537664,
            "tp2": 1.0907254422824728,
            "kelly": 0.44702482587449904,
            "risk": 0.005920464712846378,
            "atr_stop": 1.9368139732402652,
            "max_stop": 0.02137617491488769,
            "min_stop": 0.007905296978352353,
            "strength_alpha": 1.3019199416942944,
            "confirm_n": 1,
            "atr_mult": 4.167055321339126
        },
        "sample_details": [],
        "success_rate": "0.0%"
    },
    "search_space": {
        "model_th": {
            "low": 0.35,
            "high": 0.45
        },
        "slope": {
            "low": -0.005,
            "high": 0.005
        },
        "slope_min": {
            "low": 0.0,
            "high": 0.0005
        },
        "predict_up": {
            "low": -0.005,
            "high": 0.005
        },
        "init_pt": {
            "low": 0.005,
            "high": 0.02
        },
        "trend_pt": {
            "low": 0.01,
            "high": 0.1
        },
        "tp1": {
            "low": 1.01,
            "high": 1.03
        },
        "tp2": {
            "low": 1.05,
            "high": 1.15
        },
        "kelly": {
            "low": 0.2,
            "high": 0.6
        },
        "risk": {
            "low": 0.005,
            "high": 0.01
        },
        "atr_stop": {
            "low": 1.5,
            "high": 2.5
        },
        "max_stop": {
            "low": 0.02,
            "high": 0.05
        },
        "min_stop": {
            "low": 0.005,
            "high": 0.01
        },
        "strength_alpha": {
            "low": 1.2,
            "high": 1.5
        },
        "confirm_n": {
            "low": 1,
            "high": 1
        },
        "atr_mult": {
            "low": 2.5,
            "high": 4.5
        }
    },
    "initial_trial": {
        "model_th": 0.38,
        "slope": 0.0005,
        "slope_min": 0.0001,
        "predict_up": 0.0,
        "init_pt": 0.01,
        "trend_stage": 0.05,
        "tp1": 1.02,
        "tp2": 1.08,
        "kelly": 0.5,
        "risk": 0.008,
        "atr_stop": 2.0,
        "max_stop": 0.03,
        "min_stop": 0.005,
        "strength_alpha": 1.2,
        "confirm_n": 1,
        "atr_mult": 2.5
    },
    "_META": {
        "last_optimized": "2026-04-06 20:42:52",
        "best_value": 124.01885,
        "status": "SIGNAL_BLOCKED"
    }
}