{
    "ticker": "sh512760",
    "category": "ETF",
    "best_params": {
        "window": 68,
        "slope": 0.07589161060124369,
        "model_th": 0.43491239597303855,
        "predict_up": -0.003288582497499003,
        "init_pt": 0.007101942732091059,
        "trend_pt": 0.06933419752456624,
        "tp1": 1.0115479562052678,
        "tp2": 1.1391351414943036,
        "kelly": 0.34970448033560136,
        "risk": 0.009328456940255627,
        "atr_stop": 2.2368933462225704,
        "max_stop": 0.04630250633921419,
        "min_stop": 0.005700321557319468,
        "strength_alpha": 1.2424376097804153,
        "confirm_n": 1,
        "atr_mult": 3.7308089219927183,
        "slope_min": 0.000295795342911936
    },
    "intercept_stats": {
        "ticker": "sh512760",
        "status": "HEALTHY",
        "success_count": 16,
        "total_scans": 13,
        "intercept_report": {
            "model_confidence": 62,
            "slope_filter": 24,
            "predict_up_filter": 1,
            "zero_strength_ghost": 1,
            "other_error": 0
        },
        "current_config": {
            "window": 68,
            "slope": 0.07589161060124369,
            "model_th": 0.43491239597303855,
            "predict_up": -0.003288582497499003,
            "init_pt": 0.007101942732091059,
            "trend_pt": 0.06933419752456624,
            "tp1": 1.0115479562052678,
            "tp2": 1.1391351414943036,
            "kelly": 0.34970448033560136,
            "risk": 0.009328456940255627,
            "atr_stop": 2.2368933462225704,
            "max_stop": 0.04630250633921419,
            "min_stop": 0.005700321557319468,
            "strength_alpha": 1.2424376097804153,
            "confirm_n": 1,
            "atr_mult": 3.7308089219927183,
            "slope_min": 0.000295795342911936
        },
        "slope_stats": {
            "max_ref": 0.160380802813368,
            "avg_ref": 0.10270618920245031,
            "all_positive_slopes": [
                0.07437110424419043,
                0.040471488414698276,
                0.045658473099339916,
                0.04207230990004367,
                0.05103206175033109,
                0.05434924351278652,
                0.06061419304323531,
                0.06320729474028036,
                0.08704897214587858,
                0.1058155620188556,
                0.12246106476305917,
                0.13706049441756027,
                0.1483272091869254,
                0.15769206109876846,
                0.16223929636144815,
                0.1623709237610694,
                0.1631006288048679,
                0.1638527475073226,
                0.1604323826842148,
                0.15662808715721022,
                0.14948172367239695,
                0.13688826983757185,
                0.12005046316992316,
                0.10159579150680514,
                0.0578559057327667,
                0.013289523781839565,
                0.00990274558688831,
                0.047287487377542445,
                0.08279775088948667,
                0.11038254926373034,
                0.12911046965383696,
                0.14489507161050844,
                0.13932523286312637,
                0.14570997343380682,
                0.1519766471937814,
                0.1578464551337602,
                0.15946760227650647,
                0.16017448332998074,
                0.158793566979389,
                0.15556520606623744,
                0.15098410407584129,
                0.14498758083068122,
                0.1377473037955906,
                0.12901095266255672,
                0.12263607436350644,
                0.1122297441046955,
                0.10262449779165653,
                0.0899471485198397,
                0.06064152626652745,
                0.016734541959157537,
                0.03350400323669798,
                0.06180006361050501,
                0.07690879725311246,
                0.09065438947834309,
                0.10228505838512009,
                0.1137545354596848,
                0.1240734466508285,
                0.1323923892169001,
                0.14438609567271446,
                0.15014945315618167,
                0.14976696862745703,
                0.14563336932457324,
                0.13955413124447658,
                0.13287220266131156,
                0.10528757714155819,
                0.08085365583054799,
                0.04916914039016595,
                0.005312230385973936,
                0.01805373370997012,
                0.03763515510587566,
                0.06722986159450972,
                0.09533422993969276,
                0.10208833025032085,
                0.1116840368486619,
                0.11530801292739924,
                0.11658612005552833,
                0.11513045109979285,
                0.11410702247899097,
                0.12307624164964379,
                0.10594211006926964,
                0.061212056048251105,
                0.03952104984798194,
                0.044023256169972935,
                0.05003936905036918,
                0.015951545293868975
            ]
        },
        "success_rate": "123.1%"
    },
    "search_space": {
        "model_th": {
            "low": 0.35,
            "high": 0.45
        },
        "slope": {
            "low": -0.005,
            "high": 0.005
        },
        "predict_up": {
            "low": -0.005,
            "high": 0.005
        },
        "init_pt": {
            "low": 0.005,
            "high": 0.02
        },
        "trend_pt": {
            "low": 0.01,
            "high": 0.1
        },
        "tp1": {
            "low": 1.01,
            "high": 1.03
        },
        "tp2": {
            "low": 1.05,
            "high": 1.15
        },
        "kelly": {
            "low": 0.2,
            "high": 0.6
        },
        "risk": {
            "low": 0.005,
            "high": 0.01
        },
        "atr_stop": {
            "low": 1.5,
            "high": 2.5
        },
        "max_stop": {
            "low": 0.02,
            "high": 0.05
        },
        "min_stop": {
            "low": 0.005,
            "high": 0.01
        },
        "strength_alpha": {
            "low": 1.2,
            "high": 1.5
        },
        "confirm_n": {
            "low": 1,
            "high": 1
        },
        "atr_mult": {
            "low": 2.5,
            "high": 4.5
        },
        "slope_min": {
            "low": 0.0,
            "high": 0.0005
        }
    },
    "initial_trial": {
        "model_th": 0.38,
        "slope": 0.0005,
        "predict_up": 0.0,
        "init_pt": 0.01,
        "trend_stage": 0.05,
        "tp1": 1.02,
        "tp2": 1.08,
        "kelly": 0.5,
        "risk": 0.008,
        "atr_stop": 2.0,
        "max_stop": 0.03,
        "min_stop": 0.005,
        "strength_alpha": 1.2,
        "confirm_n": 1,
        "atr_mult": 2.5,
        "slope_min": 0.0001
    },
    "_META": {
        "last_optimized": "2026-05-16 08:53:30",
        "best_value": 53.91467,
        "status": "ACTIVE"
    }
}