{
    "ticker": "sh515150",
    "category": "ETF",
    "best_params": {
        "window": 56,
        "model_th": 0.39558133562767034,
        "slope": -0.002061691028658998,
        "slope_min": 0.00033103036929704965,
        "predict_up": -0.00442597093700186,
        "init_pt": 0.006399797692563477,
        "trend_pt": 0.0692808254014238,
        "tp1": 1.0284996170355385,
        "tp2": 1.0603139257118395,
        "kelly": 0.5537264488878973,
        "risk": 0.008908920771437638,
        "atr_stop": 2.2447547830518477,
        "max_stop": 0.049018005146548284,
        "min_stop": 0.008376019983894539,
        "strength_alpha": 1.3932406223120677,
        "confirm_n": 1,
        "atr_mult": 2.712416721449166
    },
    "intercept_stats": {
        "ticker": "sh515150",
        "status": "ANEMIC",
        "success_count": 0,
        "total_scans": 13,
        "intercept_report": {
            "model_confidence": 7,
            "slope_filter": 82,
            "predict_up_filter": 0,
            "zero_strength_ghost": 15,
            "other_error": 0
        },
        "current_config": {
            "window": 56,
            "model_th": 0.39558133562767034,
            "slope": -0.002061691028658998,
            "slope_min": 0.00033103036929704965,
            "predict_up": -0.00442597093700186,
            "init_pt": 0.006399797692563477,
            "trend_pt": 0.0692808254014238,
            "tp1": 1.0284996170355385,
            "tp2": 1.0603139257118395,
            "kelly": 0.5537264488878973,
            "risk": 0.008908920771437638,
            "atr_stop": 2.2447547830518477,
            "max_stop": 0.049018005146548284,
            "min_stop": 0.008376019983894539,
            "strength_alpha": 1.3932406223120677,
            "confirm_n": 1,
            "atr_mult": 2.712416721449166
        },
        "sample_details": [],
        "success_rate": "0.0%"
    },
    "search_space": {
        "model_th": {
            "low": 0.35,
            "high": 0.45
        },
        "slope": {
            "low": -0.005,
            "high": 0.005
        },
        "slope_min": {
            "low": 0.0,
            "high": 0.0005
        },
        "predict_up": {
            "low": -0.005,
            "high": 0.005
        },
        "init_pt": {
            "low": 0.005,
            "high": 0.02
        },
        "trend_pt": {
            "low": 0.01,
            "high": 0.1
        },
        "tp1": {
            "low": 1.01,
            "high": 1.03
        },
        "tp2": {
            "low": 1.05,
            "high": 1.15
        },
        "kelly": {
            "low": 0.2,
            "high": 0.6
        },
        "risk": {
            "low": 0.005,
            "high": 0.01
        },
        "atr_stop": {
            "low": 1.5,
            "high": 2.5
        },
        "max_stop": {
            "low": 0.02,
            "high": 0.05
        },
        "min_stop": {
            "low": 0.005,
            "high": 0.01
        },
        "strength_alpha": {
            "low": 1.2,
            "high": 1.5
        },
        "confirm_n": {
            "low": 1,
            "high": 1
        },
        "atr_mult": {
            "low": 2.5,
            "high": 4.5
        }
    },
    "initial_trial": {
        "model_th": 0.38,
        "slope": 0.0005,
        "slope_min": 0.0001,
        "predict_up": 0.0,
        "init_pt": 0.01,
        "trend_stage": 0.05,
        "tp1": 1.02,
        "tp2": 1.08,
        "kelly": 0.5,
        "risk": 0.008,
        "atr_stop": 2.0,
        "max_stop": 0.03,
        "min_stop": 0.005,
        "strength_alpha": 1.2,
        "confirm_n": 1,
        "atr_mult": 2.5
    },
    "_META": {
        "last_optimized": "2026-04-06 20:49:31",
        "best_value": -62.23709,
        "status": "SIGNAL_BLOCKED"
    }
}