{
    "ticker": "sh513220",
    "category": "ETF",
    "best_params": {
        "window": 140,
        "slope": 0.1001560565252182,
        "model_th": 0.4355824707767326,
        "predict_up": -0.001083195590887002,
        "init_pt": 0.019489134467972128,
        "trend_pt": 0.04705436778011843,
        "tp1": 1.0264181894847522,
        "tp2": 1.1354525666612925,
        "kelly": 0.4665692401304497,
        "risk": 0.005148036914777081,
        "atr_stop": 1.6329146813990298,
        "max_stop": 0.037302492120313155,
        "min_stop": 0.00867791845244133,
        "strength_alpha": 1.3677090073984564,
        "confirm_n": 1,
        "atr_mult": 2.568240434974843
    },
    "intercept_stats": {
        "ticker": "sh513220",
        "status": "HEALTHY",
        "success_count": 5,
        "total_scans": 13,
        "intercept_report": {
            "model_confidence": 42,
            "slope_filter": 50,
            "predict_up_filter": 5,
            "zero_strength_ghost": 2,
            "other_error": 0
        },
        "current_config": {
            "window": 140,
            "slope": 0.1001560565252182,
            "model_th": 0.4355824707767326,
            "predict_up": -0.001083195590887002,
            "init_pt": 0.019489134467972128,
            "trend_pt": 0.04705436778011843,
            "tp1": 1.0264181894847522,
            "tp2": 1.1354525666612925,
            "kelly": 0.4665692401304497,
            "risk": 0.005148036914777081,
            "atr_stop": 1.6329146813990298,
            "max_stop": 0.037302492120313155,
            "min_stop": 0.00867791845244133,
            "strength_alpha": 1.3677090073984564,
            "confirm_n": 1,
            "atr_mult": 2.568240434974843
        },
        "slope_stats": {
            "max_ref": 0.1558789705484606,
            "avg_ref": 0.1193681593045938,
            "all_positive_slopes": [
                0.011986738402985593,
                0.06733171740416255,
                0.10248513398759086,
                0.1290267962954646,
                0.13257367337344886,
                0.13612660300591112,
                0.13565554889674525,
                0.13371146443214835,
                0.13761038101473966,
                0.14128671666642406,
                0.14465313373808952,
                0.14646101665032382,
                0.15181971398380456,
                0.15579864737864965,
                0.1574051107748682,
                0.15781783751946918,
                0.15490935241016543,
                0.15015154663660452,
                0.14379930310794603,
                0.1353072556447836,
                0.13645523962511372,
                0.13538396815639633,
                0.12814545904882443,
                0.12386406336910899,
                0.11715008369769389,
                0.11331089950812252,
                0.111891069797711,
                0.11341930050406836,
                0.10757783756725779,
                0.10336875071002931,
                0.10149687482179184,
                0.10281417551007148,
                0.10281417551007153,
                0.09695283114571288,
                0.10366271562779159,
                0.10559163431465317,
                0.10437187372937996,
                0.09543660347151076,
                0.08215074628138089,
                0.06295037846273534
            ]
        },
        "success_rate": "38.5%"
    },
    "search_space": {
        "model_th": {
            "low": 0.35,
            "high": 0.45
        },
        "slope": {
            "low": -0.005,
            "high": 0.005
        },
        "predict_up": {
            "low": -0.005,
            "high": 0.005
        },
        "init_pt": {
            "low": 0.005,
            "high": 0.02
        },
        "trend_pt": {
            "low": 0.01,
            "high": 0.1
        },
        "tp1": {
            "low": 1.01,
            "high": 1.03
        },
        "tp2": {
            "low": 1.05,
            "high": 1.15
        },
        "kelly": {
            "low": 0.2,
            "high": 0.6
        },
        "risk": {
            "low": 0.005,
            "high": 0.01
        },
        "atr_stop": {
            "low": 1.5,
            "high": 2.5
        },
        "max_stop": {
            "low": 0.02,
            "high": 0.05
        },
        "min_stop": {
            "low": 0.005,
            "high": 0.01
        },
        "strength_alpha": {
            "low": 1.2,
            "high": 1.5
        },
        "confirm_n": {
            "low": 1,
            "high": 1
        },
        "atr_mult": {
            "low": 2.5,
            "high": 4.5
        }
    },
    "initial_trial": {
        "model_th": 0.38,
        "slope": 0.0005,
        "predict_up": 0.0,
        "init_pt": 0.01,
        "trend_stage": 0.05,
        "tp1": 1.02,
        "tp2": 1.08,
        "kelly": 0.5,
        "risk": 0.008,
        "atr_stop": 2.0,
        "max_stop": 0.03,
        "min_stop": 0.005,
        "strength_alpha": 1.2,
        "confirm_n": 1,
        "atr_mult": 2.5
    },
    "_META": {
        "last_optimized": "2026-04-30 23:46:43",
        "best_value": 57.67869,
        "status": "ACTIVE"
    }
}