{
    "ticker": "sh515050",
    "category": "ETF",
    "best_params": {
        "model_th": 0.3894483673327321,
        "slope": -0.0024704035934291586,
        "slope_min": 5.576553066935872e-05,
        "predict_up": 0.0049308638811758725,
        "init_pt": 0.016089655187295254,
        "trend_pt": 0.08771346895768987,
        "tp1": 1.0227000599292484,
        "tp2": 1.0595386304370373,
        "kelly": 0.5629662164805621,
        "risk": 0.006341420594474667,
        "atr_stop": 2.4981171335371957,
        "max_stop": 0.031024644138369716,
        "min_stop": 0.009152674095943862,
        "strength_alpha": 1.453004476466525,
        "confirm_n": 1
    },
    "intercept_stats": {
        "success_count": 0,
        "intercept_report": {
            "model_confidence": 0,
            "slope_filter": 0,
            "predict_up_filter": 0,
            "zero_strength_ghost": 0,
            "other_error": 20
        },
        "scan_days": 20,
        "total_scans": 20,
        "success_rate": "0.0%"
    },
    "search_space": {
        "model_th": {
            "low": 0.35,
            "high": 0.45
        },
        "slope": {
            "low": -0.005,
            "high": 0.005
        },
        "slope_min": {
            "low": 0.0,
            "high": 0.0005
        },
        "predict_up": {
            "low": -0.005,
            "high": 0.005
        },
        "init_pt": {
            "low": 0.005,
            "high": 0.02
        },
        "trend_pt": {
            "low": 0.01,
            "high": 0.1
        },
        "tp1": {
            "low": 1.01,
            "high": 1.05
        },
        "tp2": {
            "low": 1.05,
            "high": 1.15
        },
        "kelly": {
            "low": 0.2,
            "high": 0.6
        },
        "risk": {
            "low": 0.005,
            "high": 0.01
        },
        "atr_stop": {
            "low": 1.5,
            "high": 4.0
        },
        "max_stop": {
            "low": 0.02,
            "high": 0.05
        },
        "min_stop": {
            "low": 0.005,
            "high": 0.01
        },
        "strength_alpha": {
            "low": 0.5,
            "high": 1.5
        },
        "confirm_n": {
            "low": 1,
            "high": 1,
            "type": "int"
        }
    },
    "initial_trial": {
        "model_th": 0.42,
        "slope": 0.0018,
        "slope_min": 0.0005,
        "predict_up": 0.005,
        "init_pt": 0.01,
        "trend_stage": 0.1,
        "tp1": 1.035,
        "tp2": 1.12,
        "kelly": 0.2,
        "risk": 0.01,
        "atr_stop": 3.0,
        "max_stop": 0.05,
        "min_stop": 0.01,
        "strength_alpha": 0.8,
        "confirm_n": 1,
        "atr_mult": 3.2
    },
    "_META": {
        "last_optimized": "2026-04-02 11:48:48",
        "best_value": -60.76606,
        "status": "SIGNAL_BLOCKED"
    }
}