{
    "ticker": "sh513220",
    "category": "ETF",
    "best_params": {
        "window": 152,
        "slope": 0.15385765633779525,
        "model_th": 0.3834210265797176,
        "predict_up": 0.001382160505809784,
        "init_pt": 0.005791854858885502,
        "trend_pt": 0.06943525509799257,
        "tp1": 1.0297750893539728,
        "tp2": 1.1132608859816164,
        "kelly": 0.35403085884060076,
        "risk": 0.007189499444098065,
        "atr_stop": 1.545248115770057,
        "max_stop": 0.020414613872099318,
        "min_stop": 0.0050626947375916305,
        "strength_alpha": 1.2020306761126671,
        "confirm_n": 1,
        "atr_mult": 2.518031449776759
    },
    "intercept_stats": {
        "ticker": "sh513220",
        "status": "ANEMIC",
        "success_count": 0,
        "total_scans": 13,
        "intercept_report": {
            "model_confidence": 36,
            "slope_filter": 68,
            "predict_up_filter": 0,
            "zero_strength_ghost": 0,
            "other_error": 0
        },
        "current_config": {
            "window": 152,
            "slope": 0.15385765633779525,
            "model_th": 0.3834210265797176,
            "predict_up": 0.001382160505809784,
            "init_pt": 0.005791854858885502,
            "trend_pt": 0.06943525509799257,
            "tp1": 1.0297750893539728,
            "tp2": 1.1132608859816164,
            "kelly": 0.35403085884060076,
            "risk": 0.007189499444098065,
            "atr_stop": 1.545248115770057,
            "max_stop": 0.020414613872099318,
            "min_stop": 0.0050626947375916305,
            "strength_alpha": 1.2020306761126671,
            "confirm_n": 1,
            "atr_mult": 2.518031449776759
        },
        "slope_stats": {
            "max_ref": 0.1558789705484606,
            "avg_ref": 0.1193681593045938,
            "all_positive_slopes": [
                0.011986738402985593,
                0.06733171740416255,
                0.10248513398759086,
                0.1290267962954646,
                0.13257367337344886,
                0.13612660300591112,
                0.13565554889674525,
                0.13371146443214835,
                0.13761038101473966,
                0.14128671666642406,
                0.14465313373808952,
                0.14646101665032382,
                0.15181971398380456,
                0.15579864737864965,
                0.1574051107748682,
                0.15781783751946918,
                0.15490935241016543,
                0.15015154663660452,
                0.14379930310794603,
                0.1353072556447836,
                0.13645523962511372,
                0.13538396815639633,
                0.12814545904882443,
                0.12386406336910899,
                0.11715008369769389,
                0.11331089950812252,
                0.111891069797711,
                0.11341930050406836,
                0.10757783756725779,
                0.10336875071002931,
                0.10149687482179184,
                0.10281417551007148,
                0.10281417551007153,
                0.09695283114571288,
                0.10366271562779159,
                0.10559163431465317,
                0.10437187372937996,
                0.09543660347151076,
                0.08215074628138089,
                0.06295037846273534
            ]
        },
        "success_rate": "0.0%"
    },
    "search_space": {
        "model_th": {
            "low": 0.35,
            "high": 0.45
        },
        "slope": {
            "low": -0.005,
            "high": 0.005
        },
        "predict_up": {
            "low": -0.005,
            "high": 0.005
        },
        "init_pt": {
            "low": 0.005,
            "high": 0.02
        },
        "trend_pt": {
            "low": 0.01,
            "high": 0.1
        },
        "tp1": {
            "low": 1.01,
            "high": 1.03
        },
        "tp2": {
            "low": 1.05,
            "high": 1.15
        },
        "kelly": {
            "low": 0.2,
            "high": 0.6
        },
        "risk": {
            "low": 0.005,
            "high": 0.01
        },
        "atr_stop": {
            "low": 1.5,
            "high": 2.5
        },
        "max_stop": {
            "low": 0.02,
            "high": 0.05
        },
        "min_stop": {
            "low": 0.005,
            "high": 0.01
        },
        "strength_alpha": {
            "low": 1.2,
            "high": 1.5
        },
        "confirm_n": {
            "low": 1,
            "high": 1
        },
        "atr_mult": {
            "low": 2.5,
            "high": 4.5
        }
    },
    "initial_trial": {
        "model_th": 0.38,
        "slope": 0.0005,
        "predict_up": 0.0,
        "init_pt": 0.01,
        "trend_stage": 0.05,
        "tp1": 1.02,
        "tp2": 1.08,
        "kelly": 0.5,
        "risk": 0.008,
        "atr_stop": 2.0,
        "max_stop": 0.03,
        "min_stop": 0.005,
        "strength_alpha": 1.2,
        "confirm_n": 1,
        "atr_mult": 2.5
    },
    "_META": {
        "last_optimized": "2026-05-03 11:50:44",
        "best_value": 53.78719,
        "status": "SIGNAL_BLOCKED"
    }
}