{
    "ticker": "sh512760",
    "category": "ETF",
    "best_params": {
        "window": 20,
        "model_th": 0.42586706054657736,
        "slope": -0.0026102974670041273,
        "slope_min": 0.00019400959934897643,
        "predict_up": -0.0015599644236634024,
        "init_pt": 0.012012648684540985,
        "trend_pt": 0.08171804871977616,
        "tp1": 1.0117617913073744,
        "tp2": 1.093289952762145,
        "kelly": 0.5428895599801372,
        "risk": 0.005043435672211452,
        "atr_stop": 1.8907527700774494,
        "max_stop": 0.020243649113353374,
        "min_stop": 0.00870851207799906,
        "strength_alpha": 1.3966961742005697,
        "confirm_n": 1,
        "atr_mult": 3.414813798550506
    },
    "intercept_stats": {
        "ticker": "sh512760",
        "status": "ANEMIC",
        "success_count": 1,
        "total_scans": 13,
        "intercept_report": {
            "model_confidence": 11,
            "slope_filter": 77,
            "predict_up_filter": 5,
            "zero_strength_ghost": 10,
            "other_error": 0
        },
        "current_config": {
            "window": 20,
            "model_th": 0.42586706054657736,
            "slope": -0.0026102974670041273,
            "slope_min": 0.00019400959934897643,
            "predict_up": -0.0015599644236634024,
            "init_pt": 0.012012648684540985,
            "trend_pt": 0.08171804871977616,
            "tp1": 1.0117617913073744,
            "tp2": 1.093289952762145,
            "kelly": 0.5428895599801372,
            "risk": 0.005043435672211452,
            "atr_stop": 1.8907527700774494,
            "max_stop": 0.020243649113353374,
            "min_stop": 0.00870851207799906,
            "strength_alpha": 1.3966961742005697,
            "confirm_n": 1,
            "atr_mult": 3.414813798550506
        },
        "sample_details": [
            {
                "day": "2026-03-27 10:00:00",
                "slope": 0.03529905457684709,
                "strength": 0.029418649209126322
            }
        ],
        "success_rate": "7.7%"
    },
    "search_space": {
        "model_th": {
            "low": 0.35,
            "high": 0.45
        },
        "slope": {
            "low": -0.005,
            "high": 0.005
        },
        "slope_min": {
            "low": 0.0,
            "high": 0.0005
        },
        "predict_up": {
            "low": -0.005,
            "high": 0.005
        },
        "init_pt": {
            "low": 0.005,
            "high": 0.02
        },
        "trend_pt": {
            "low": 0.01,
            "high": 0.1
        },
        "tp1": {
            "low": 1.01,
            "high": 1.03
        },
        "tp2": {
            "low": 1.05,
            "high": 1.15
        },
        "kelly": {
            "low": 0.2,
            "high": 0.6
        },
        "risk": {
            "low": 0.005,
            "high": 0.01
        },
        "atr_stop": {
            "low": 1.5,
            "high": 2.5
        },
        "max_stop": {
            "low": 0.02,
            "high": 0.05
        },
        "min_stop": {
            "low": 0.005,
            "high": 0.01
        },
        "strength_alpha": {
            "low": 1.2,
            "high": 1.5
        },
        "confirm_n": {
            "low": 1,
            "high": 1
        },
        "atr_mult": {
            "low": 2.5,
            "high": 4.5
        }
    },
    "initial_trial": {
        "model_th": 0.38,
        "slope": 0.0005,
        "slope_min": 0.0001,
        "predict_up": 0.0,
        "init_pt": 0.01,
        "trend_stage": 0.05,
        "tp1": 1.02,
        "tp2": 1.08,
        "kelly": 0.5,
        "risk": 0.008,
        "atr_stop": 2.0,
        "max_stop": 0.03,
        "min_stop": 0.005,
        "strength_alpha": 1.2,
        "confirm_n": 1,
        "atr_mult": 2.5
    },
    "_META": {
        "last_optimized": "2026-04-12 17:13:19",
        "best_value": 448.27682,
        "status": "ACTIVE"
    }
}