{
    "ticker": "sh588200",
    "category": "ETF",
    "best_params": {
        "model_th": 0.4327264476873514,
        "slope": -0.0004440888420656555,
        "slope_min": 0.00015913508941107268,
        "predict_up": -0.002223618709065963,
        "init_pt": 0.014646112436239533,
        "trend_pt": 0.09413621407362056,
        "tp1": 1.0230591016915136,
        "tp2": 1.1042454701127542,
        "kelly": 0.3463632796847704,
        "risk": 0.005028401673941772,
        "atr_stop": 1.7523120205162952,
        "max_stop": 0.039135727082605175,
        "min_stop": 0.006063889444335984,
        "strength_alpha": 1.449117231698904,
        "confirm_n": 1,
        "atr_mult": 3.0357907252131913
    },
    "intercept_stats": {
        "ticker": "sh588200",
        "status": "ANEMIC",
        "success_count": 0,
        "total_scans": 25,
        "intercept_report": {
            "model_confidence": 10,
            "slope_filter": 140,
            "predict_up_filter": 15,
            "zero_strength_ghost": 35,
            "other_error": 0
        },
        "current_config": {
            "model_th": 0.4327264476873514,
            "slope": -0.0004440888420656555,
            "slope_min": 0.00015913508941107268,
            "predict_up": -0.002223618709065963,
            "init_pt": 0.014646112436239533,
            "trend_pt": 0.09413621407362056,
            "tp1": 1.0230591016915136,
            "tp2": 1.1042454701127542,
            "kelly": 0.3463632796847704,
            "risk": 0.005028401673941772,
            "atr_stop": 1.7523120205162952,
            "max_stop": 0.039135727082605175,
            "min_stop": 0.006063889444335984,
            "strength_alpha": 1.449117231698904,
            "confirm_n": 1,
            "atr_mult": 3.0357907252131913
        },
        "sample_details": [],
        "success_rate": "0.0%"
    },
    "search_space": {
        "model_th": {
            "low": 0.35,
            "high": 0.45
        },
        "slope": {
            "low": -0.005,
            "high": 0.005
        },
        "slope_min": {
            "low": 0.0,
            "high": 0.0005
        },
        "predict_up": {
            "low": -0.005,
            "high": 0.005
        },
        "init_pt": {
            "low": 0.005,
            "high": 0.02
        },
        "trend_pt": {
            "low": 0.01,
            "high": 0.1
        },
        "tp1": {
            "low": 1.01,
            "high": 1.03
        },
        "tp2": {
            "low": 1.05,
            "high": 1.15
        },
        "kelly": {
            "low": 0.2,
            "high": 0.6
        },
        "risk": {
            "low": 0.005,
            "high": 0.01
        },
        "atr_stop": {
            "low": 1.5,
            "high": 2.5
        },
        "max_stop": {
            "low": 0.02,
            "high": 0.05
        },
        "min_stop": {
            "low": 0.005,
            "high": 0.01
        },
        "strength_alpha": {
            "low": 1.2,
            "high": 1.5
        },
        "confirm_n": {
            "low": 1,
            "high": 1
        },
        "atr_mult": {
            "low": 2.5,
            "high": 4.5
        }
    },
    "initial_trial": {
        "model_th": 0.38,
        "slope": 0.0005,
        "slope_min": 0.0001,
        "predict_up": 0.0,
        "init_pt": 0.01,
        "trend_stage": 0.05,
        "tp1": 1.02,
        "tp2": 1.08,
        "kelly": 0.5,
        "risk": 0.008,
        "atr_stop": 2.0,
        "max_stop": 0.03,
        "min_stop": 0.005,
        "strength_alpha": 1.2,
        "confirm_n": 1,
        "atr_mult": 2.5
    },
    "_META": {
        "last_optimized": "2026-04-05 20:52:37",
        "best_value": -12.60175,
        "status": "SIGNAL_BLOCKED"
    }
}