{
    "ticker": "sh588200",
    "category": "ETF",
    "best_params": {
        "window": 20,
        "model_th": 0.42296394410009075,
        "slope": -0.0018068191967089272,
        "slope_min": 0.0003498687153082897,
        "predict_up": -0.0022545309016102967,
        "init_pt": 0.006974415358663702,
        "trend_pt": 0.09251322082928093,
        "tp1": 1.022980580258699,
        "tp2": 1.0876709266586282,
        "kelly": 0.3512784992381244,
        "risk": 0.007471727251508286,
        "atr_stop": 2.40380912026186,
        "max_stop": 0.03893787010771787,
        "min_stop": 0.006177769305890597,
        "strength_alpha": 1.42330257551705,
        "confirm_n": 1,
        "atr_mult": 2.7038681221084655
    },
    "intercept_stats": {
        "ticker": "sh588200",
        "status": "ANEMIC",
        "success_count": 0,
        "total_scans": 13,
        "intercept_report": {
            "model_confidence": 21,
            "slope_filter": 38,
            "predict_up_filter": 3,
            "zero_strength_ghost": 42,
            "other_error": 0
        },
        "current_config": {
            "window": 20,
            "model_th": 0.42296394410009075,
            "slope": -0.0018068191967089272,
            "slope_min": 0.0003498687153082897,
            "predict_up": -0.0022545309016102967,
            "init_pt": 0.006974415358663702,
            "trend_pt": 0.09251322082928093,
            "tp1": 1.022980580258699,
            "tp2": 1.0876709266586282,
            "kelly": 0.3512784992381244,
            "risk": 0.007471727251508286,
            "atr_stop": 2.40380912026186,
            "max_stop": 0.03893787010771787,
            "min_stop": 0.006177769305890597,
            "strength_alpha": 1.42330257551705,
            "confirm_n": 1,
            "atr_mult": 2.7038681221084655
        },
        "sample_details": [],
        "success_rate": "0.0%"
    },
    "search_space": {
        "model_th": {
            "low": 0.35,
            "high": 0.45
        },
        "slope": {
            "low": -0.005,
            "high": 0.005
        },
        "slope_min": {
            "low": 0.0,
            "high": 0.0005
        },
        "predict_up": {
            "low": -0.005,
            "high": 0.005
        },
        "init_pt": {
            "low": 0.005,
            "high": 0.02
        },
        "trend_pt": {
            "low": 0.01,
            "high": 0.1
        },
        "tp1": {
            "low": 1.01,
            "high": 1.03
        },
        "tp2": {
            "low": 1.05,
            "high": 1.15
        },
        "kelly": {
            "low": 0.2,
            "high": 0.6
        },
        "risk": {
            "low": 0.005,
            "high": 0.01
        },
        "atr_stop": {
            "low": 1.5,
            "high": 2.5
        },
        "max_stop": {
            "low": 0.02,
            "high": 0.05
        },
        "min_stop": {
            "low": 0.005,
            "high": 0.01
        },
        "strength_alpha": {
            "low": 1.2,
            "high": 1.5
        },
        "confirm_n": {
            "low": 1,
            "high": 1
        },
        "atr_mult": {
            "low": 2.5,
            "high": 4.5
        }
    },
    "initial_trial": {
        "model_th": 0.38,
        "slope": 0.0005,
        "slope_min": 0.0001,
        "predict_up": 0.0,
        "init_pt": 0.01,
        "trend_stage": 0.05,
        "tp1": 1.02,
        "tp2": 1.08,
        "kelly": 0.5,
        "risk": 0.008,
        "atr_stop": 2.0,
        "max_stop": 0.03,
        "min_stop": 0.005,
        "strength_alpha": 1.2,
        "confirm_n": 1,
        "atr_mult": 2.5
    },
    "_META": {
        "last_optimized": "2026-04-08 08:59:34",
        "best_value": 1.95358,
        "status": "SIGNAL_BLOCKED"
    }
}