{
    "ticker": "sh588200",
    "category": "ETF",
    "best_params": {
        "window": 72,
        "slope": 0.044087347943758175,
        "model_th": 0.42074628822274446,
        "predict_up": 0.002952577995659916,
        "init_pt": 0.019488208440068797,
        "trend_pt": 0.056126402197133295,
        "tp1": 1.010274948813494,
        "tp2": 1.1315468640628785,
        "kelly": 0.32837555605551977,
        "risk": 0.005501621262172848,
        "atr_stop": 1.8896358276634861,
        "max_stop": 0.029298630319716388,
        "min_stop": 0.009397049214195114,
        "strength_alpha": 1.2033185592180928,
        "confirm_n": 1,
        "atr_mult": 2.9906435727452445,
        "slope_min": 0.000444614757113471
    },
    "intercept_stats": {
        "ticker": "sh588200",
        "status": "HEALTHY",
        "success_count": 3,
        "total_scans": 13,
        "intercept_report": {
            "model_confidence": 50,
            "slope_filter": 13,
            "predict_up_filter": 37,
            "zero_strength_ghost": 1,
            "other_error": 0
        },
        "current_config": {
            "window": 72,
            "slope": 0.044087347943758175,
            "model_th": 0.42074628822274446,
            "predict_up": 0.002952577995659916,
            "init_pt": 0.019488208440068797,
            "trend_pt": 0.056126402197133295,
            "tp1": 1.010274948813494,
            "tp2": 1.1315468640628785,
            "kelly": 0.32837555605551977,
            "risk": 0.005501621262172848,
            "atr_stop": 1.8896358276634861,
            "max_stop": 0.029298630319716388,
            "min_stop": 0.009397049214195114,
            "strength_alpha": 1.2033185592180928,
            "confirm_n": 1,
            "atr_mult": 2.9906435727452445,
            "slope_min": 0.000444614757113471
        },
        "slope_stats": {
            "max_ref": 0.16041227619676368,
            "avg_ref": 0.11594609529512528,
            "all_positive_slopes": [
                0.14996483750936726,
                0.14855099831825502,
                0.14815635689308582,
                0.15454462968055474,
                0.15187294805888688,
                0.15129451750978823,
                0.14940762191683138,
                0.14441533835771364,
                0.14502377886411547,
                0.14603358791742743,
                0.14575333092093778,
                0.14336869432339397,
                0.14415256768346815,
                0.1409313654537434,
                0.14009068955302506,
                0.13247310609660945,
                0.13256222975537746,
                0.13329578968176745,
                0.13329428065729204,
                0.1334145148012383,
                0.1386076534627912,
                0.13578206933442777,
                0.13206715192641483,
                0.13099672729349848,
                0.1322360626070266,
                0.13588025156443698,
                0.1379020150240955,
                0.1374372881967021,
                0.14238023363477242,
                0.14467384037710582,
                0.1376784298793636,
                0.1237445488893401,
                0.11242218138780345,
                0.09578182066582028,
                0.079516961721483,
                0.05689422026211368,
                0.04168739626637295,
                0.03720056277172591,
                0.039356597863135744,
                0.05422591630407632,
                0.05557393758647288,
                0.05583478095044523,
                0.05058144323778936,
                0.04779764142405684,
                0.0624107290970374,
                0.08357102986265677,
                0.1147698851071175,
                0.13997827182105838,
                0.1479827345393175,
                0.15698757645014785,
                0.15840667484447937,
                0.15812599941124156,
                0.1579550876928887,
                0.15491271458077582,
                0.15403111038886852,
                0.1541666252595075,
                0.1326721797339119,
                0.09288139083293645,
                0.05997413283828669,
                0.010176964128838804,
                0.030108937850717294,
                0.06870250124500596,
                0.09719047004704633,
                0.11632303467369612,
                0.12946024228010714,
                0.13701231946959164,
                0.1304560911881544,
                0.11377322504234681,
                0.10510132790376417,
                0.08492866563935168,
                0.06021914979957743,
                0.047945206659508445,
                0.020357654468237358,
                0.04112503904309523,
                0.050896986965303544,
                0.06646517144348825,
                0.07688379917748854,
                0.08480699379963562,
                0.09032072687235713,
                0.10729532500471273,
                0.12201783779945007,
                0.1354485063208009,
                0.14818889580214875,
                0.15624676436585686,
                0.16281087648209464,
                0.16555502363389366,
                0.1650616777622515,
                0.1647791071785958,
                0.1636017630662959,
                0.15938430464590755,
                0.15494276317725353,
                0.1473497148823938,
                0.13461331934341883,
                0.11552878197102745,
                0.09611282485910697
            ]
        },
        "success_rate": "23.1%"
    },
    "search_space": {
        "model_th": {
            "low": 0.35,
            "high": 0.45
        },
        "slope": {
            "low": -0.005,
            "high": 0.005
        },
        "predict_up": {
            "low": -0.005,
            "high": 0.005
        },
        "init_pt": {
            "low": 0.005,
            "high": 0.02
        },
        "trend_pt": {
            "low": 0.01,
            "high": 0.1
        },
        "tp1": {
            "low": 1.01,
            "high": 1.03
        },
        "tp2": {
            "low": 1.05,
            "high": 1.15
        },
        "kelly": {
            "low": 0.2,
            "high": 0.6
        },
        "risk": {
            "low": 0.005,
            "high": 0.01
        },
        "atr_stop": {
            "low": 1.5,
            "high": 2.5
        },
        "max_stop": {
            "low": 0.02,
            "high": 0.05
        },
        "min_stop": {
            "low": 0.005,
            "high": 0.01
        },
        "strength_alpha": {
            "low": 1.2,
            "high": 1.5
        },
        "confirm_n": {
            "low": 1,
            "high": 1
        },
        "atr_mult": {
            "low": 2.5,
            "high": 4.5
        },
        "slope_min": {
            "low": 0.0,
            "high": 0.0005
        }
    },
    "initial_trial": {
        "model_th": 0.38,
        "slope": 0.0005,
        "predict_up": 0.0,
        "init_pt": 0.01,
        "trend_stage": 0.05,
        "tp1": 1.02,
        "tp2": 1.08,
        "kelly": 0.5,
        "risk": 0.008,
        "atr_stop": 2.0,
        "max_stop": 0.03,
        "min_stop": 0.005,
        "strength_alpha": 1.2,
        "confirm_n": 1,
        "atr_mult": 2.5,
        "slope_min": 0.0001
    },
    "_META": {
        "last_optimized": "2026-04-27 07:33:17",
        "best_value": 34.62981,
        "status": "ACTIVE"
    }
}