{
    "ticker": "sh588200",
    "category": "ETF",
    "best_params": {
        "model_th": 0.3858818340781735,
        "slope": 0.000920439642063342,
        "slope_min": 0.0002743786698220013,
        "predict_up": -0.0032334381588621087,
        "init_pt": 0.018018216811084977,
        "trend_pt": 0.07755992337917013,
        "tp1": 1.029324689098854,
        "tp2": 1.0554668028115486,
        "kelly": 0.5838266646519505,
        "risk": 0.00778072208419907,
        "atr_stop": 2.1907763643091456,
        "max_stop": 0.02365953905535642,
        "min_stop": 0.00578368766809992,
        "strength_alpha": 1.326666399812084,
        "confirm_n": 1,
        "atr_mult": 4.30264581237397
    },
    "intercept_stats": {
        "success_count": 0,
        "intercept_report": {
            "model_confidence": 0,
            "slope_filter": 0,
            "predict_up_filter": 0,
            "zero_strength_ghost": 0,
            "other_error": 20
        },
        "scan_days": 20,
        "total_scans": 20,
        "success_rate": "0.0%"
    },
    "search_space": {
        "model_th": {
            "low": 0.35,
            "high": 0.45
        },
        "slope": {
            "low": -0.005,
            "high": 0.005
        },
        "slope_min": {
            "low": 0.0,
            "high": 0.0005
        },
        "predict_up": {
            "low": -0.005,
            "high": 0.005
        },
        "init_pt": {
            "low": 0.005,
            "high": 0.02
        },
        "trend_pt": {
            "low": 0.01,
            "high": 0.1
        },
        "tp1": {
            "low": 1.01,
            "high": 1.03
        },
        "tp2": {
            "low": 1.05,
            "high": 1.15
        },
        "kelly": {
            "low": 0.2,
            "high": 0.6
        },
        "risk": {
            "low": 0.005,
            "high": 0.01
        },
        "atr_stop": {
            "low": 1.5,
            "high": 2.5
        },
        "max_stop": {
            "low": 0.02,
            "high": 0.05
        },
        "min_stop": {
            "low": 0.005,
            "high": 0.01
        },
        "strength_alpha": {
            "low": 1.2,
            "high": 1.5
        },
        "confirm_n": {
            "low": 1,
            "high": 1
        },
        "atr_mult": {
            "low": 2.5,
            "high": 4.5
        }
    },
    "initial_trial": {
        "model_th": 0.38,
        "slope": 0.0005,
        "slope_min": 0.0001,
        "predict_up": 0.0,
        "init_pt": 0.01,
        "trend_stage": 0.05,
        "tp1": 1.02,
        "tp2": 1.08,
        "kelly": 0.5,
        "risk": 0.008,
        "atr_stop": 2.0,
        "max_stop": 0.03,
        "min_stop": 0.005,
        "strength_alpha": 1.2,
        "confirm_n": 1,
        "atr_mult": 2.5
    },
    "_META": {
        "last_optimized": "2026-04-02 22:50:47",
        "best_value": 75.63566,
        "status": "SIGNAL_BLOCKED"
    }
}