{
    "ticker": "sh588200",
    "category": "ETF",
    "best_params": {
        "window": 160,
        "slope": 0.09433303820131492,
        "model_th": 0.3620099274948533,
        "predict_up": 0.0038568426004347107,
        "init_pt": 0.01994374274488517,
        "trend_pt": 0.026283008144197456,
        "tp1": 1.0281974713999051,
        "tp2": 1.0734937186819073,
        "kelly": 0.5495936924441693,
        "risk": 0.008515092323727902,
        "atr_stop": 1.5469790905645324,
        "max_stop": 0.023478338624410927,
        "min_stop": 0.0068983639406577,
        "strength_alpha": 1.4222039741997623,
        "confirm_n": 1,
        "atr_mult": 4.025651287680056,
        "slope_min": 0.00046178001545276094
    },
    "intercept_stats": {
        "ticker": "sh588200",
        "status": "HEALTHY",
        "success_count": 4,
        "total_scans": 13,
        "intercept_report": {
            "model_confidence": 46,
            "slope_filter": 33,
            "predict_up_filter": 21,
            "zero_strength_ghost": 0,
            "other_error": 0
        },
        "current_config": {
            "window": 160,
            "slope": 0.09433303820131492,
            "model_th": 0.3620099274948533,
            "predict_up": 0.0038568426004347107,
            "init_pt": 0.01994374274488517,
            "trend_pt": 0.026283008144197456,
            "tp1": 1.0281974713999051,
            "tp2": 1.0734937186819073,
            "kelly": 0.5495936924441693,
            "risk": 0.008515092323727902,
            "atr_stop": 1.5469790905645324,
            "max_stop": 0.023478338624410927,
            "min_stop": 0.0068983639406577,
            "strength_alpha": 1.4222039741997623,
            "confirm_n": 1,
            "atr_mult": 4.025651287680056,
            "slope_min": 0.00046178001545276094
        },
        "slope_stats": {
            "max_ref": 0.1627422115744914,
            "avg_ref": 0.10982824502053058,
            "all_positive_slopes": [
                0.047945206659508445,
                0.020357654468237358,
                0.04112503904309523,
                0.050896986965303544,
                0.06646517144348825,
                0.07688379917748854,
                0.08480699379963562,
                0.09032072687235713,
                0.10729532500471273,
                0.12201783779945007,
                0.1354485063208009,
                0.14818889580214875,
                0.15624676436585686,
                0.16281087648209464,
                0.16555502363389366,
                0.1650616777622515,
                0.1647791071785958,
                0.1636017630662959,
                0.15938430464590755,
                0.15494276317725353,
                0.1473497148823938,
                0.13461331934341883,
                0.11552878197102745,
                0.09611282485910697,
                0.05288171769309552,
                0.007664633344784772,
                0.04028804343885619,
                0.07624685602841727,
                0.10509565328381781,
                0.1248906875007083,
                0.13903364459377004,
                0.1512649793318241,
                0.14723302764049392,
                0.151662507384432,
                0.15651002312267692,
                0.16122831374826835,
                0.16238143935225552,
                0.16246755194407844,
                0.16063673688430333,
                0.15659928770123568,
                0.15219010437801578,
                0.1462750644019665,
                0.13920689146790294,
                0.13080023616459266,
                0.1246230974359411,
                0.11496082354336606,
                0.10561841105412254,
                0.09441918245968241,
                0.06734942678581265,
                0.02614201329696748,
                0.007622778764705139,
                0.04296984981671581,
                0.06419379646129951,
                0.0777542965070169,
                0.09017349364831748,
                0.10052093618373673,
                0.11043937773397598,
                0.12358912427633253,
                0.13445314098198377,
                0.14800965407735245,
                0.15628452040117924,
                0.1570327303969693,
                0.1543531684761162,
                0.14975292623332587,
                0.14468050691551257,
                0.12051613530309985,
                0.10115812319675173,
                0.07920350949975605,
                0.060347043584669635,
                0.06298995653933898,
                0.0736648503291732,
                0.0920351197896514,
                0.11101041087769133,
                0.11390616139161695,
                0.11966330204562442,
                0.12066198138294165,
                0.11713964126891165,
                0.1171619394059482,
                0.1196769348472154,
                0.13101716350182244,
                0.11491959155756647,
                0.06566148497477843,
                0.0398543549606202,
                0.03852935709607549,
                0.03904404561159341
            ]
        },
        "success_rate": "30.8%"
    },
    "search_space": {
        "model_th": {
            "low": 0.35,
            "high": 0.45
        },
        "slope": {
            "low": -0.005,
            "high": 0.005
        },
        "predict_up": {
            "low": -0.005,
            "high": 0.005
        },
        "init_pt": {
            "low": 0.005,
            "high": 0.02
        },
        "trend_pt": {
            "low": 0.01,
            "high": 0.1
        },
        "tp1": {
            "low": 1.01,
            "high": 1.03
        },
        "tp2": {
            "low": 1.05,
            "high": 1.15
        },
        "kelly": {
            "low": 0.2,
            "high": 0.6
        },
        "risk": {
            "low": 0.005,
            "high": 0.01
        },
        "atr_stop": {
            "low": 1.5,
            "high": 2.5
        },
        "max_stop": {
            "low": 0.02,
            "high": 0.05
        },
        "min_stop": {
            "low": 0.005,
            "high": 0.01
        },
        "strength_alpha": {
            "low": 1.2,
            "high": 1.5
        },
        "confirm_n": {
            "low": 1,
            "high": 1
        },
        "atr_mult": {
            "low": 2.5,
            "high": 4.5
        },
        "slope_min": {
            "low": 0.0,
            "high": 0.0005
        }
    },
    "initial_trial": {
        "model_th": 0.38,
        "slope": 0.0005,
        "predict_up": 0.0,
        "init_pt": 0.01,
        "trend_stage": 0.05,
        "tp1": 1.02,
        "tp2": 1.08,
        "kelly": 0.5,
        "risk": 0.008,
        "atr_stop": 2.0,
        "max_stop": 0.03,
        "min_stop": 0.005,
        "strength_alpha": 1.2,
        "confirm_n": 1,
        "atr_mult": 2.5,
        "slope_min": 0.0001
    },
    "_META": {
        "last_optimized": "2026-05-16 09:17:36",
        "best_value": 66.65447,
        "status": "ACTIVE"
    }
}