{
    "ticker": "sh588200",
    "category": "ETF",
    "best_params": {
        "window": 48,
        "model_th": 0.35564012052768645,
        "slope": 0.00018750624132072313,
        "slope_min": 0.00047207286886885645,
        "predict_up": -0.00458516692234671,
        "init_pt": 0.011413498411578009,
        "trend_pt": 0.058999072768496974,
        "tp1": 1.0278461454005947,
        "tp2": 1.1168282028771657,
        "kelly": 0.599101215596315,
        "risk": 0.008557044735266254,
        "atr_stop": 1.517029076440912,
        "max_stop": 0.035498050835599974,
        "min_stop": 0.005911260112365684,
        "strength_alpha": 1.4922678393572912,
        "confirm_n": 1,
        "atr_mult": 3.272181954853416
    },
    "intercept_stats": {
        "ticker": "sh588200",
        "status": "ANEMIC",
        "success_count": 0,
        "total_scans": 13,
        "intercept_report": {
            "model_confidence": 2,
            "slope_filter": 93,
            "predict_up_filter": 0,
            "zero_strength_ghost": 9,
            "other_error": 0
        },
        "current_config": {
            "window": 48,
            "model_th": 0.35564012052768645,
            "slope": 0.00018750624132072313,
            "slope_min": 0.00047207286886885645,
            "predict_up": -0.00458516692234671,
            "init_pt": 0.011413498411578009,
            "trend_pt": 0.058999072768496974,
            "tp1": 1.0278461454005947,
            "tp2": 1.1168282028771657,
            "kelly": 0.599101215596315,
            "risk": 0.008557044735266254,
            "atr_stop": 1.517029076440912,
            "max_stop": 0.035498050835599974,
            "min_stop": 0.005911260112365684,
            "strength_alpha": 1.4922678393572912,
            "confirm_n": 1,
            "atr_mult": 3.272181954853416
        },
        "sample_details": [],
        "success_rate": "0.0%"
    },
    "search_space": {
        "model_th": {
            "low": 0.35,
            "high": 0.45
        },
        "slope": {
            "low": -0.005,
            "high": 0.005
        },
        "slope_min": {
            "low": 0.0,
            "high": 0.0005
        },
        "predict_up": {
            "low": -0.005,
            "high": 0.005
        },
        "init_pt": {
            "low": 0.005,
            "high": 0.02
        },
        "trend_pt": {
            "low": 0.01,
            "high": 0.1
        },
        "tp1": {
            "low": 1.01,
            "high": 1.03
        },
        "tp2": {
            "low": 1.05,
            "high": 1.15
        },
        "kelly": {
            "low": 0.2,
            "high": 0.6
        },
        "risk": {
            "low": 0.005,
            "high": 0.01
        },
        "atr_stop": {
            "low": 1.5,
            "high": 2.5
        },
        "max_stop": {
            "low": 0.02,
            "high": 0.05
        },
        "min_stop": {
            "low": 0.005,
            "high": 0.01
        },
        "strength_alpha": {
            "low": 1.2,
            "high": 1.5
        },
        "confirm_n": {
            "low": 1,
            "high": 1
        },
        "atr_mult": {
            "low": 2.5,
            "high": 4.5
        }
    },
    "initial_trial": {
        "model_th": 0.38,
        "slope": 0.0005,
        "slope_min": 0.0001,
        "predict_up": 0.0,
        "init_pt": 0.01,
        "trend_stage": 0.05,
        "tp1": 1.02,
        "tp2": 1.08,
        "kelly": 0.5,
        "risk": 0.008,
        "atr_stop": 2.0,
        "max_stop": 0.03,
        "min_stop": 0.005,
        "strength_alpha": 1.2,
        "confirm_n": 1,
        "atr_mult": 2.5
    },
    "_META": {
        "last_optimized": "2026-04-12 17:22:43",
        "best_value": 216.6363,
        "status": "SIGNAL_BLOCKED"
    }
}