{
    "ticker": "sh600879",
    "category": "STOCK",
    "best_params": {
        "window": 56,
        "slope": 0.16296927001699382,
        "strength_alpha": 65,
        "confirm_n": 1,
        "atr_mult": 4.260792615252998,
        "model_th": 0.4615262207053327,
        "atr_stop": 4.374308309384305,
        "risk": 0.005022640930984993,
        "kelly": 0.18149865392609235,
        "max_stop": 0.09206826397478925,
        "predict_up": -0.02991374136861802,
        "tp1": 1.0380118478475386,
        "tp2": 1.1978884267534586,
        "init_pt": 0.02878457702714526,
        "slope_min": 0.001952206076813778
    },
    "intercept_stats": {
        "ticker": "sh600879",
        "status": "ANEMIC",
        "success_count": 1,
        "total_scans": 13,
        "intercept_report": {
            "model_confidence": 59,
            "slope_filter": 44,
            "predict_up_filter": 0,
            "zero_strength_ghost": 0,
            "other_error": 0
        },
        "current_config": {
            "window": 56,
            "slope": 0.16296927001699382,
            "strength_alpha": 65,
            "confirm_n": 1,
            "atr_mult": 4.260792615252998,
            "model_th": 0.4615262207053327,
            "atr_stop": 4.374308309384305,
            "risk": 0.005022640930984993,
            "kelly": 0.18149865392609235,
            "max_stop": 0.09206826397478925,
            "predict_up": -0.02991374136861802,
            "tp1": 1.0380118478475386,
            "tp2": 1.1978884267534586,
            "init_pt": 0.02878457702714526,
            "slope_min": 0.001952206076813778
        },
        "slope_stats": {
            "max_ref": 0.16521651170730578,
            "avg_ref": 0.1263848967073555,
            "all_positive_slopes": [
                0.05262438943445899,
                0.023352794519980912,
                0.008512527695247173,
                0.05185238564030981,
                0.08194826084008965,
                0.09174655642892919,
                0.11181142601672525,
                0.12541292730744985,
                0.1353752423686102,
                0.14098671140261204,
                0.15038366298148984,
                0.156059641508884,
                0.1595071265107246,
                0.16065551843322504,
                0.16015328166213813,
                0.15972109023577458,
                0.15698719445875323,
                0.15289931106335622,
                0.14668901453356067,
                0.13966755441088938,
                0.13378222728599398,
                0.12191860136501392,
                0.10760116122947994,
                0.08186033142396051,
                0.03860061790056323,
                0.0011353940555897247,
                0.04097614824488589,
                0.09250376284230066,
                0.12848968626044527,
                0.14013789600200716,
                0.1552130070639417,
                0.16149719611945343,
                0.16575000197748507,
                0.16486051239287403,
                0.16302452974262283,
                0.16292421605517354,
                0.16297330789219477,
                0.16508313913976097,
                0.16664719095787467,
                0.16612188640795314,
                0.1648545933616981,
                0.16269730952074055,
                0.15753133186185325,
                0.1524706188124274,
                0.14778187000360354,
                0.14004152051815388,
                0.13480643773501547,
                0.12941737821242424,
                0.1220797765752397,
                0.12014732503969025,
                0.11703168377770813,
                0.11499501311092954,
                0.11772272893439528,
                0.12044812292377369,
                0.12891440914787852,
                0.13763263648996363,
                0.14791892448098554
            ]
        },
        "success_rate": "7.7%"
    },
    "search_space": {
        "strength_alpha": {
            "low": 10,
            "high": 80
        },
        "confirm_n": {
            "low": 1,
            "high": 1
        },
        "atr_mult": {
            "low": 2.5,
            "high": 4.5
        },
        "model_th": {
            "low": 0.4,
            "high": 0.55
        },
        "atr_stop": {
            "low": 3.5,
            "high": 4.5
        },
        "risk": {
            "low": 0.005,
            "high": 0.01
        },
        "kelly": {
            "low": 0.15,
            "high": 0.3
        },
        "slope": {
            "low": 0.006,
            "high": 0.02
        },
        "max_stop": {
            "low": 0.08,
            "high": 0.15
        },
        "predict_up": {
            "low": -0.05,
            "high": 0.01
        },
        "tp1": {
            "low": 1.02,
            "high": 1.06
        },
        "tp2": {
            "low": 1.1,
            "high": 1.25
        },
        "init_pt": {
            "low": 0.01,
            "high": 0.05
        },
        "slope_min": {
            "low": 0.0,
            "high": 0.005
        }
    },
    "initial_trial": {
        "strength_alpha": 80,
        "confirm_n": 1,
        "model_th": 0.4,
        "atr_stop": 4.0,
        "risk": 0.008,
        "kelly": 0.2,
        "slope": 0.012,
        "max_stop": 0.12,
        "predict_up": -0.05,
        "tp1": 1.05,
        "tp2": 1.2,
        "init_pt": 0.01,
        "trend_stage": 0.15,
        "min_stop": 0.01,
        "atr_mult": 3.5,
        "slope_min": 0.0001
    },
    "_META": {
        "last_optimized": "2026-05-10 10:50:01",
        "best_value": -200.0,
        "status": "ACTIVE"
    }
}