{
    "ticker": "sh600498",
    "category": "STOCK",
    "best_params": {
        "window": 116,
        "slope": 0.10017336453181946,
        "strength_alpha": 13,
        "confirm_n": 1,
        "atr_mult": 3.7243294834939618,
        "model_th": 0.4905981373977762,
        "atr_stop": 3.5077732294543478,
        "risk": 0.009085137416936121,
        "kelly": 0.25681270655999355,
        "max_stop": 0.08770110907464812,
        "predict_up": -0.04359792101831449,
        "tp1": 1.0416513251846313,
        "tp2": 1.1174987843137418,
        "init_pt": 0.03446729400709247,
        "slope_min": 0.004921677911586227
    },
    "intercept_stats": {
        "ticker": "sh600498",
        "status": "HEALTHY",
        "success_count": 6,
        "total_scans": 13,
        "intercept_report": {
            "model_confidence": 73,
            "slope_filter": 25,
            "predict_up_filter": 0,
            "zero_strength_ghost": 0,
            "other_error": 0
        },
        "current_config": {
            "window": 116,
            "slope": 0.10017336453181946,
            "strength_alpha": 13,
            "confirm_n": 1,
            "atr_mult": 3.7243294834939618,
            "model_th": 0.4905981373977762,
            "atr_stop": 3.5077732294543478,
            "risk": 0.009085137416936121,
            "kelly": 0.25681270655999355,
            "max_stop": 0.08770110907464812,
            "predict_up": -0.04359792101831449,
            "tp1": 1.0416513251846313,
            "tp2": 1.1174987843137418,
            "init_pt": 0.03446729400709247,
            "slope_min": 0.004921677911586227
        },
        "slope_stats": {
            "max_ref": 0.16660636480304425,
            "avg_ref": 0.1455372513403891,
            "all_positive_slopes": [
                0.004563028711148824,
                0.029064517716874877,
                0.08092679281825611,
                0.14477110604732069,
                0.14710025849613909,
                0.15092206031149435,
                0.1541078604388618,
                0.15606250267518287,
                0.15085557744532702,
                0.15132911334774043,
                0.151408516151327,
                0.1511598531297902,
                0.1552653572054464,
                0.16033193235776041,
                0.16437071807399928,
                0.16698630011986038,
                0.16658927330344445,
                0.16713026318270313,
                0.1666155679182134,
                0.16548989958582877,
                0.1649939498185225,
                0.16410579227941008,
                0.1624300776498101,
                0.160688456666965,
                0.16017193981525993,
                0.15831055794749882,
                0.1561380878534286,
                0.15435048408389168,
                0.1536670885466622,
                0.150225421251519,
                0.14700755324068593,
                0.15353400732369407,
                0.15545410212988273,
                0.15659736049702483,
                0.1564281136665969,
                0.15631592999905738,
                0.15703755435195985,
                0.15737274842365945,
                0.1568613671394221,
                0.15558301735061617,
                0.1569121740483802,
                0.154429051614416,
                0.15529295659391687,
                0.15059956940209934,
                0.14237626790269922,
                0.12626639027117947,
                0.11085925009268045,
                0.06672829534101923
            ]
        },
        "success_rate": "46.2%"
    },
    "search_space": {
        "strength_alpha": {
            "low": 10,
            "high": 80
        },
        "confirm_n": {
            "low": 1,
            "high": 1
        },
        "atr_mult": {
            "low": 2.5,
            "high": 4.5
        },
        "model_th": {
            "low": 0.4,
            "high": 0.55
        },
        "atr_stop": {
            "low": 3.5,
            "high": 4.5
        },
        "risk": {
            "low": 0.005,
            "high": 0.01
        },
        "kelly": {
            "low": 0.15,
            "high": 0.3
        },
        "slope": {
            "low": 0.006,
            "high": 0.02
        },
        "max_stop": {
            "low": 0.08,
            "high": 0.15
        },
        "predict_up": {
            "low": -0.05,
            "high": 0.01
        },
        "tp1": {
            "low": 1.02,
            "high": 1.06
        },
        "tp2": {
            "low": 1.1,
            "high": 1.25
        },
        "init_pt": {
            "low": 0.01,
            "high": 0.05
        },
        "slope_min": {
            "low": 0.0,
            "high": 0.005
        }
    },
    "initial_trial": {
        "strength_alpha": 80,
        "confirm_n": 1,
        "model_th": 0.4,
        "atr_stop": 4.0,
        "risk": 0.008,
        "kelly": 0.2,
        "slope": 0.012,
        "max_stop": 0.12,
        "predict_up": -0.05,
        "tp1": 1.05,
        "tp2": 1.2,
        "init_pt": 0.01,
        "trend_stage": 0.15,
        "min_stop": 0.01,
        "atr_mult": 3.5,
        "slope_min": 0.0001
    },
    "_META": {
        "last_optimized": "2026-05-16 09:41:33",
        "best_value": 20.35734,
        "status": "ACTIVE"
    }
}