{
    "ticker": "sh603871",
    "category": "STOCK",
    "best_params": {
        "window": 48,
        "strength_alpha": 53,
        "confirm_n": 1,
        "atr_mult": 3.2640859754794636,
        "model_th": 0.44229104217065646,
        "atr_stop": 3.923385099221303,
        "risk": 0.008925850796734686,
        "kelly": 0.2103310415982268,
        "slope": 0.015760254119254035,
        "max_stop": 0.1065011698627935,
        "slope_min": 0.0030058638360154198,
        "predict_up": 0.006724676232324728,
        "tp1": 1.0576199599213552,
        "tp2": 1.2350397115072778,
        "init_pt": 0.017604375177897848
    },
    "intercept_stats": {
        "ticker": "sh603871",
        "status": "ANEMIC",
        "success_count": 0,
        "total_scans": 13,
        "intercept_report": {
            "model_confidence": 14,
            "slope_filter": 90,
            "predict_up_filter": 0,
            "zero_strength_ghost": 0,
            "other_error": 0
        },
        "current_config": {
            "window": 48,
            "strength_alpha": 53,
            "confirm_n": 1,
            "atr_mult": 3.2640859754794636,
            "model_th": 0.44229104217065646,
            "atr_stop": 3.923385099221303,
            "risk": 0.008925850796734686,
            "kelly": 0.2103310415982268,
            "slope": 0.015760254119254035,
            "max_stop": 0.1065011698627935,
            "slope_min": 0.0030058638360154198,
            "predict_up": 0.006724676232324728,
            "tp1": 1.0576199599213552,
            "tp2": 1.2350397115072778,
            "init_pt": 0.017604375177897848
        },
        "sample_details": [],
        "success_rate": "0.0%"
    },
    "search_space": {
        "strength_alpha": {
            "low": 10,
            "high": 80
        },
        "confirm_n": {
            "low": 1,
            "high": 1
        },
        "atr_mult": {
            "low": 2.5,
            "high": 4.5
        },
        "model_th": {
            "low": 0.4,
            "high": 0.55
        },
        "atr_stop": {
            "low": 3.5,
            "high": 4.5
        },
        "risk": {
            "low": 0.005,
            "high": 0.01
        },
        "kelly": {
            "low": 0.15,
            "high": 0.3
        },
        "slope": {
            "low": 0.006,
            "high": 0.02
        },
        "max_stop": {
            "low": 0.08,
            "high": 0.15
        },
        "slope_min": {
            "low": 0.0,
            "high": 0.005
        },
        "predict_up": {
            "low": -0.05,
            "high": 0.01
        },
        "tp1": {
            "low": 1.02,
            "high": 1.06
        },
        "tp2": {
            "low": 1.1,
            "high": 1.25
        },
        "init_pt": {
            "low": 0.01,
            "high": 0.05
        }
    },
    "initial_trial": {
        "strength_alpha": 80,
        "confirm_n": 1,
        "model_th": 0.4,
        "atr_stop": 4.0,
        "risk": 0.008,
        "kelly": 0.2,
        "slope": 0.012,
        "max_stop": 0.12,
        "slope_min": 0.0001,
        "predict_up": -0.05,
        "tp1": 1.05,
        "tp2": 1.2,
        "init_pt": 0.01,
        "trend_stage": 0.15,
        "min_stop": 0.01,
        "atr_mult": 3.5
    },
    "_META": {
        "last_optimized": "2026-04-07 12:42:18",
        "best_value": -54.83245,
        "status": "SIGNAL_BLOCKED"
    }
}