{
    "ticker": "sh603728",
    "category": "STOCK",
    "best_params": {
        "window": 76,
        "slope": 0.08009983369341633,
        "strength_alpha": 65,
        "confirm_n": 1,
        "atr_mult": 4.417618635277479,
        "model_th": 0.5101682762975037,
        "atr_stop": 3.614022923227233,
        "risk": 0.005649659893216637,
        "kelly": 0.17713101747594182,
        "max_stop": 0.09175449739239148,
        "predict_up": -0.010396717544235497,
        "tp1": 1.029132391161244,
        "tp2": 1.1384038060981168,
        "init_pt": 0.04973343540640722
    },
    "intercept_stats": {
        "ticker": "sh603728",
        "status": "HEALTHY",
        "success_count": 7,
        "total_scans": 13,
        "intercept_report": {
            "model_confidence": 66,
            "slope_filter": 31,
            "predict_up_filter": 0,
            "zero_strength_ghost": 0,
            "other_error": 0
        },
        "current_config": {
            "window": 76,
            "slope": 0.08009983369341633,
            "strength_alpha": 65,
            "confirm_n": 1,
            "atr_mult": 4.417618635277479,
            "model_th": 0.5101682762975037,
            "atr_stop": 3.614022923227233,
            "risk": 0.005649659893216637,
            "kelly": 0.17713101747594182,
            "max_stop": 0.09175449739239148,
            "predict_up": -0.010396717544235497,
            "tp1": 1.029132391161244,
            "tp2": 1.1384038060981168,
            "init_pt": 0.04973343540640722
        },
        "slope_stats": {
            "max_ref": 0.16220098943532313,
            "avg_ref": 0.12138160797801381,
            "all_positive_slopes": [
                0.019176198569122,
                0.060862910098668364,
                0.08335814024097268,
                0.08353842289423415,
                0.0851195038360066,
                0.1101123798041416,
                0.117149713375156,
                0.11732714645076525,
                0.07278253552643824,
                0.014268879626746325,
                0.021159187734749826,
                0.047415570839960286,
                0.06912105105234109,
                0.10044333544269332,
                0.11633394367562723,
                0.1288324647250656,
                0.1408487759664545,
                0.14681419226935521,
                0.15502933119368734,
                0.16093921931153735,
                0.16256887160940253,
                0.1632344019709594,
                0.16279281042133104,
                0.16220511490430395,
                0.1621776117777651,
                0.16207715408856105,
                0.16111198783957983,
                0.15844877381176464,
                0.15264542588573202,
                0.15181028644591357,
                0.15161002578030786,
                0.15134938793285616,
                0.1513080390394666,
                0.15760148072144783,
                0.15893964031713903,
                0.15907028420400218,
                0.15853947218618475,
                0.1575651849147552,
                0.14666547955400383,
                0.14721898454600754,
                0.14807812862318706,
                0.15285196020462008,
                0.15492822791792366,
                0.15541227656834464,
                0.15559649859054564,
                0.155456620408207,
                0.15531755210120346,
                0.15473763450730496,
                0.15324010839907837,
                0.15013260779353885,
                0.14452790196813076,
                0.1379603815606016,
                0.13081819279869641,
                0.12381207906617075,
                0.10984416377880597,
                0.09236298629862731,
                0.044321340328139947,
                0.007037890145618962,
                0.016286381477184045,
                0.06394368338118632,
                0.08217315249563202,
                0.09221661946930249,
                0.09597418677463865,
                0.10181901535098815
            ]
        },
        "success_rate": "53.8%"
    },
    "search_space": {
        "strength_alpha": {
            "low": 10,
            "high": 80
        },
        "confirm_n": {
            "low": 1,
            "high": 1
        },
        "atr_mult": {
            "low": 2.5,
            "high": 4.5
        },
        "model_th": {
            "low": 0.4,
            "high": 0.55
        },
        "atr_stop": {
            "low": 3.5,
            "high": 4.5
        },
        "risk": {
            "low": 0.005,
            "high": 0.01
        },
        "kelly": {
            "low": 0.15,
            "high": 0.3
        },
        "slope": {
            "low": 0.006,
            "high": 0.02
        },
        "max_stop": {
            "low": 0.08,
            "high": 0.15
        },
        "predict_up": {
            "low": -0.05,
            "high": 0.01
        },
        "tp1": {
            "low": 1.02,
            "high": 1.06
        },
        "tp2": {
            "low": 1.1,
            "high": 1.25
        },
        "init_pt": {
            "low": 0.01,
            "high": 0.05
        }
    },
    "initial_trial": {
        "strength_alpha": 80,
        "confirm_n": 1,
        "model_th": 0.4,
        "atr_stop": 4.0,
        "risk": 0.008,
        "kelly": 0.2,
        "slope": 0.012,
        "max_stop": 0.12,
        "predict_up": -0.05,
        "tp1": 1.05,
        "tp2": 1.2,
        "init_pt": 0.01,
        "trend_stage": 0.15,
        "min_stop": 0.01,
        "atr_mult": 3.5
    },
    "_META": {
        "last_optimized": "2026-05-16 15:22:14",
        "best_value": -27.59664,
        "status": "ACTIVE"
    }
}