{
    "ticker": "sh603178",
    "category": "STOCK",
    "best_params": {
        "window": 124,
        "slope": 0.06834624279263253,
        "strength_alpha": 41,
        "confirm_n": 1,
        "atr_mult": 3.983894396759818,
        "model_th": 0.5189459782771182,
        "atr_stop": 3.670974835740613,
        "risk": 0.007218410171196744,
        "kelly": 0.20884237256395766,
        "max_stop": 0.0940076267256966,
        "predict_up": -0.03138991864036283,
        "tp1": 1.0223854509904264,
        "tp2": 1.1677674583443522,
        "init_pt": 0.02108770778946252
    },
    "intercept_stats": {
        "ticker": "sh603178",
        "status": "HEALTHY",
        "success_count": 14,
        "total_scans": 13,
        "intercept_report": {
            "model_confidence": 78,
            "slope_filter": 12,
            "predict_up_filter": 0,
            "zero_strength_ghost": 0,
            "other_error": 0
        },
        "current_config": {
            "window": 124,
            "slope": 0.06834624279263253,
            "strength_alpha": 41,
            "confirm_n": 1,
            "atr_mult": 3.983894396759818,
            "model_th": 0.5189459782771182,
            "atr_stop": 3.670974835740613,
            "risk": 0.007218410171196744,
            "kelly": 0.20884237256395766,
            "max_stop": 0.0940076267256966,
            "predict_up": -0.03138991864036283,
            "tp1": 1.0223854509904264,
            "tp2": 1.1677674583443522,
            "init_pt": 0.02108770778946252
        },
        "slope_stats": {
            "max_ref": 0.16305494536256396,
            "avg_ref": 0.12914469072025891,
            "all_positive_slopes": [
                0.15449625014040902,
                0.15657448474548225,
                0.15879869769681657,
                0.16045850949805537,
                0.16338929133235866,
                0.16455665960580818,
                0.16445886617223698,
                0.16332747532750277,
                0.16248706619774073,
                0.16255420051737746,
                0.1626072153145284,
                0.1625122686454055,
                0.16211654169583156,
                0.16293814680616162,
                0.16259380638710993,
                0.1610900983281007,
                0.16125008264373025,
                0.1598838466601337,
                0.15980632816618828,
                0.16059095716054708,
                0.1611894111245009,
                0.15877864622791335,
                0.15489312569794358,
                0.14246094917182403,
                0.10086119986528101,
                0.055858853931885645,
                0.028433868488836504,
                0.06968282358253233,
                0.09486800296346339,
                0.11317038876237627,
                0.1265908262450419,
                0.13245111221755465,
                0.137057933151773,
                0.14333352524668458,
                0.1441897865521896,
                0.13470375545034372,
                0.12019655496691367,
                0.10183372805235069,
                0.07603345844339457,
                0.07702051341857655,
                0.07929367324278422,
                0.08806151514379791,
                0.09305530031604006,
                0.09236082474022164,
                0.10295556146193933,
                0.11071532281442821,
                0.11723909434246509,
                0.13225085803653336,
                0.14430835571722506,
                0.14930262661927488,
                0.15491389293545013,
                0.1545787369798872,
                0.1512228553440929,
                0.1447654901183077,
                0.13486332419938404,
                0.13146246451674462,
                0.12545371316880127,
                0.12149020153078186,
                0.13874470064963818,
                0.1388117868707078,
                0.1413212465218639,
                0.14299451299421564,
                0.14129329493840745,
                0.12419328245814563,
                0.12643603557771182,
                0.12718319566916728,
                0.12895166059454874,
                0.14015744999860333,
                0.1309655413668999,
                0.12641608047116934,
                0.11850133486011574,
                0.10407227283138967,
                0.08027383118925954,
                0.046174991837826994,
                0.0009675173586826157
            ]
        },
        "success_rate": "107.7%"
    },
    "search_space": {
        "strength_alpha": {
            "low": 10,
            "high": 80
        },
        "confirm_n": {
            "low": 1,
            "high": 1
        },
        "atr_mult": {
            "low": 2.5,
            "high": 4.5
        },
        "model_th": {
            "low": 0.4,
            "high": 0.55
        },
        "atr_stop": {
            "low": 3.5,
            "high": 4.5
        },
        "risk": {
            "low": 0.005,
            "high": 0.01
        },
        "kelly": {
            "low": 0.15,
            "high": 0.3
        },
        "slope": {
            "low": 0.006,
            "high": 0.02
        },
        "max_stop": {
            "low": 0.08,
            "high": 0.15
        },
        "predict_up": {
            "low": -0.05,
            "high": 0.01
        },
        "tp1": {
            "low": 1.02,
            "high": 1.06
        },
        "tp2": {
            "low": 1.1,
            "high": 1.25
        },
        "init_pt": {
            "low": 0.01,
            "high": 0.05
        }
    },
    "initial_trial": {
        "strength_alpha": 80,
        "confirm_n": 1,
        "model_th": 0.4,
        "atr_stop": 4.0,
        "risk": 0.008,
        "kelly": 0.2,
        "slope": 0.012,
        "max_stop": 0.12,
        "predict_up": -0.05,
        "tp1": 1.05,
        "tp2": 1.2,
        "init_pt": 0.01,
        "trend_stage": 0.15,
        "min_stop": 0.01,
        "atr_mult": 3.5
    },
    "_META": {
        "last_optimized": "2026-05-11 15:44:59",
        "best_value": -12.24959,
        "status": "ACTIVE"
    }
}