{
    "ticker": "sh601899",
    "category": "STOCK",
    "best_params": {
        "window": 148,
        "strength_alpha": 25,
        "confirm_n": 1,
        "atr_mult": 4.265814468882312,
        "model_th": 0.45048589418032015,
        "atr_stop": 1.4715658962584126,
        "risk": 0.0071550004367650875,
        "kelly": 0.16800183152145856,
        "slope": 0.00424532756197184,
        "max_stop": 0.09883245952962835,
        "slope_min": 0.0018244229379513425,
        "predict_up": -0.026909419905561144,
        "tp1": 1.0227790462850876,
        "tp2": 1.2333029034089056,
        "init_pt": 0.030376859404843526
    },
    "intercept_stats": {
        "ticker": "sh601899",
        "status": "ANEMIC",
        "success_count": 0,
        "total_scans": 13,
        "intercept_report": {
            "model_confidence": 41,
            "slope_filter": 63,
            "predict_up_filter": 0,
            "zero_strength_ghost": 0,
            "other_error": 0
        },
        "current_config": {
            "window": 148,
            "strength_alpha": 25,
            "confirm_n": 1,
            "atr_mult": 4.265814468882312,
            "model_th": 0.45048589418032015,
            "atr_stop": 1.4715658962584126,
            "risk": 0.0071550004367650875,
            "kelly": 0.16800183152145856,
            "slope": 0.00424532756197184,
            "max_stop": 0.09883245952962835,
            "slope_min": 0.0018244229379513425,
            "predict_up": -0.026909419905561144,
            "tp1": 1.0227790462850876,
            "tp2": 1.2333029034089056,
            "init_pt": 0.030376859404843526
        },
        "sample_details": [],
        "success_rate": "0.0%"
    },
    "search_space": {
        "strength_alpha": {
            "low": 10,
            "high": 80
        },
        "confirm_n": {
            "low": 1,
            "high": 1
        },
        "atr_mult": {
            "low": 2.5,
            "high": 4.5
        },
        "model_th": {
            "low": 0.4,
            "high": 0.55
        },
        "atr_stop": {
            "low": 1.0,
            "high": 3.0
        },
        "risk": {
            "low": 0.005,
            "high": 0.01
        },
        "kelly": {
            "low": 0.15,
            "high": 0.3
        },
        "slope": {
            "low": 0.001,
            "high": 0.005
        },
        "max_stop": {
            "low": 0.08,
            "high": 0.15
        },
        "slope_min": {
            "low": 0.0,
            "high": 0.005
        },
        "predict_up": {
            "low": -0.05,
            "high": 0.01
        },
        "tp1": {
            "low": 1.02,
            "high": 1.06
        },
        "tp2": {
            "low": 1.1,
            "high": 1.25
        },
        "init_pt": {
            "low": 0.01,
            "high": 0.05
        }
    },
    "initial_trial": {
        "strength_alpha": 80,
        "confirm_n": 1,
        "model_th": 0.4,
        "atr_stop": 1.0,
        "risk": 0.008,
        "kelly": 0.2,
        "slope": 0.001,
        "max_stop": 0.12,
        "slope_min": 0.0001,
        "predict_up": -0.05,
        "tp1": 1.05,
        "tp2": 1.2,
        "init_pt": 0.01,
        "trend_stage": 0.15,
        "min_stop": 0.01,
        "atr_mult": 3.5
    },
    "_META": {
        "last_optimized": "2026-04-23 19:18:21",
        "best_value": -87.3482,
        "status": "SIGNAL_BLOCKED"
    }
}