{
    "ticker": "sh603002",
    "category": "STOCK",
    "best_params": {
        "window": 128,
        "slope": 0.05747150236925841,
        "strength_alpha": 76,
        "confirm_n": 1,
        "atr_mult": 4.038456250738747,
        "model_th": 0.5113286858880652,
        "atr_stop": 4.27033448173742,
        "risk": 0.008839844718108135,
        "kelly": 0.1536647047967408,
        "max_stop": 0.09408002498775112,
        "predict_up": 0.008612664232181592,
        "tp1": 1.0299088650076529,
        "tp2": 1.1253124674631454,
        "init_pt": 0.028951806650406628,
        "slope_min": 0.004061893953266801
    },
    "intercept_stats": {
        "ticker": "sh603002",
        "status": "HEALTHY",
        "success_count": 3,
        "total_scans": 13,
        "intercept_report": {
            "model_confidence": 76,
            "slope_filter": 12,
            "predict_up_filter": 13,
            "zero_strength_ghost": 0,
            "other_error": 0
        },
        "current_config": {
            "window": 128,
            "slope": 0.05747150236925841,
            "strength_alpha": 76,
            "confirm_n": 1,
            "atr_mult": 4.038456250738747,
            "model_th": 0.5113286858880652,
            "atr_stop": 4.27033448173742,
            "risk": 0.008839844718108135,
            "kelly": 0.1536647047967408,
            "max_stop": 0.09408002498775112,
            "predict_up": 0.008612664232181592,
            "tp1": 1.0299088650076529,
            "tp2": 1.1253124674631454,
            "init_pt": 0.028951806650406628,
            "slope_min": 0.004061893953266801
        },
        "slope_stats": {
            "max_ref": 0.16215918026583817,
            "avg_ref": 0.12035032927267293,
            "all_positive_slopes": [
                0.13554068812771788,
                0.14160017351109813,
                0.1476276725504099,
                0.15437753086543096,
                0.15858994999482545,
                0.16181359409825194,
                0.1635415249361831,
                0.16361766305957373,
                0.1643173222273857,
                0.16357242132253416,
                0.16128392222210072,
                0.15888368365897393,
                0.1540863703541894,
                0.14750381996053416,
                0.13792143163014908,
                0.12783460804778804,
                0.1148395864351144,
                0.09672400253694824,
                0.07197776258766035,
                0.027722352246168938,
                0.007907074368250906,
                0.038019751136309524,
                0.0823188351069354,
                0.10576462181745441,
                0.115550654872121,
                0.12156552209657007,
                0.12895563251634645,
                0.1291276139545616,
                0.13091543705091466,
                0.13768952018014444,
                0.1328146087399605,
                0.1356658134717114,
                0.12719579970816489,
                0.13335391515078224,
                0.14245446183774313,
                0.1442214241190209,
                0.14658697012988584,
                0.15023461959167184,
                0.13206586979545276,
                0.1157106735156612,
                0.09551250121453696,
                0.07857469497949209,
                0.08100206870016656,
                0.07687350242168622,
                0.07705184036894921,
                0.06985546004949796,
                0.059806979381069894,
                0.04469051511709985,
                0.028820642973197225,
                0.020439592115663797,
                0.04547209605088657,
                0.09063669458090653,
                0.10760329375082678,
                0.12288582432773817,
                0.13851613451519917,
                0.13808855803817557,
                0.137923746767679,
                0.135530962579345,
                0.1324001793907673,
                0.144257044571399,
                0.1460364300240523,
                0.15196012640255244,
                0.15389157858376004,
                0.15744921581288035,
                0.15916992886509493,
                0.16173278138215055,
                0.1616062301350996,
                0.16074885609354125,
                0.16076094393533819,
                0.15966727059870214,
                0.15367270193994,
                0.1499631114528749,
                0.14145132598251545,
                0.12603202453806486,
                0.10360126746898922,
                0.061041435805625356,
                0.020752893547649476
            ]
        },
        "success_rate": "23.1%"
    },
    "search_space": {
        "strength_alpha": {
            "low": 10,
            "high": 80
        },
        "confirm_n": {
            "low": 1,
            "high": 1
        },
        "atr_mult": {
            "low": 2.5,
            "high": 4.5
        },
        "model_th": {
            "low": 0.4,
            "high": 0.55
        },
        "atr_stop": {
            "low": 3.5,
            "high": 4.5
        },
        "risk": {
            "low": 0.005,
            "high": 0.01
        },
        "kelly": {
            "low": 0.15,
            "high": 0.3
        },
        "slope": {
            "low": 0.006,
            "high": 0.02
        },
        "max_stop": {
            "low": 0.08,
            "high": 0.15
        },
        "predict_up": {
            "low": -0.05,
            "high": 0.01
        },
        "tp1": {
            "low": 1.02,
            "high": 1.06
        },
        "tp2": {
            "low": 1.1,
            "high": 1.25
        },
        "init_pt": {
            "low": 0.01,
            "high": 0.05
        },
        "slope_min": {
            "low": 0.0,
            "high": 0.005
        }
    },
    "initial_trial": {
        "strength_alpha": 80,
        "confirm_n": 1,
        "model_th": 0.4,
        "atr_stop": 4.0,
        "risk": 0.008,
        "kelly": 0.2,
        "slope": 0.012,
        "max_stop": 0.12,
        "predict_up": -0.05,
        "tp1": 1.05,
        "tp2": 1.2,
        "init_pt": 0.01,
        "trend_stage": 0.15,
        "min_stop": 0.01,
        "atr_mult": 3.5,
        "slope_min": 0.0001
    },
    "_META": {
        "last_optimized": "2026-05-03 12:14:00",
        "best_value": 86.96968,
        "status": "ACTIVE"
    }
}