{
    "ticker": "sh601619",
    "category": "STOCK",
    "best_params": {
        "window": 116,
        "slope": 0.05465649219811859,
        "strength_alpha": 26,
        "confirm_n": 1,
        "atr_mult": 3.0550949740230573,
        "model_th": 0.4363242065993071,
        "atr_stop": 3.9143678505329227,
        "risk": 0.007720206186331318,
        "kelly": 0.2492450814028968,
        "max_stop": 0.09008992823167333,
        "predict_up": -0.0032473086428534484,
        "tp1": 1.03788124068673,
        "tp2": 1.2096606001470025,
        "init_pt": 0.02594512551798331,
        "slope_min": 0.002677650387330465
    },
    "intercept_stats": {
        "ticker": "sh601619",
        "status": "HEALTHY",
        "success_count": 14,
        "total_scans": 13,
        "intercept_report": {
            "model_confidence": 24,
            "slope_filter": 64,
            "predict_up_filter": 2,
            "zero_strength_ghost": 0,
            "other_error": 0
        },
        "current_config": {
            "window": 116,
            "slope": 0.05465649219811859,
            "strength_alpha": 26,
            "confirm_n": 1,
            "atr_mult": 3.0550949740230573,
            "model_th": 0.4363242065993071,
            "atr_stop": 3.9143678505329227,
            "risk": 0.007720206186331318,
            "kelly": 0.2492450814028968,
            "max_stop": 0.09008992823167333,
            "predict_up": -0.0032473086428534484,
            "tp1": 1.03788124068673,
            "tp2": 1.2096606001470025,
            "init_pt": 0.02594512551798331,
            "slope_min": 0.002677650387330465
        },
        "slope_stats": {
            "max_ref": 0.16535315876910972,
            "avg_ref": 0.07604023436969118,
            "all_positive_slopes": [
                0.032718058508028273,
                0.02912566061354474,
                0.029659877658412825,
                0.03211733587965129,
                0.014971029075383929,
                0.03304542662688035,
                0.06729271043209047,
                0.09880704814395488,
                0.11594147693423375,
                0.13714200846117244,
                0.1550029308184234,
                0.1681312258768388,
                0.16542717957504502,
                0.16550643525111078,
                0.16394676345633907,
                0.16253732124373213,
                0.1587541251219862,
                0.1530726378664401,
                0.14137734600492696,
                0.12598770560643296,
                0.10363257541443781,
                0.09945065276834394,
                0.09635039417079838,
                0.10261058646909993,
                0.1031594456435879,
                0.08954333542157471,
                0.07171531087403821,
                0.046666228545925385,
                0.003499455151879797,
                0.0016070173267953972,
                0.004160079221979296,
                0.006248664436470224,
                0.01821462412850553,
                0.015505010621780993,
                0.017434441760906794,
                0.040468467618372785,
                0.05934322933945491,
                0.050556013916546245,
                0.04675480986268369,
                0.03156481158500014,
                0.03288304161196471,
                0.0017573444822546191
            ]
        },
        "success_rate": "107.7%"
    },
    "search_space": {
        "strength_alpha": {
            "low": 10,
            "high": 80
        },
        "confirm_n": {
            "low": 1,
            "high": 1
        },
        "atr_mult": {
            "low": 2.5,
            "high": 4.5
        },
        "model_th": {
            "low": 0.4,
            "high": 0.55
        },
        "atr_stop": {
            "low": 3.5,
            "high": 4.5
        },
        "risk": {
            "low": 0.005,
            "high": 0.01
        },
        "kelly": {
            "low": 0.15,
            "high": 0.3
        },
        "slope": {
            "low": 0.006,
            "high": 0.02
        },
        "max_stop": {
            "low": 0.08,
            "high": 0.15
        },
        "predict_up": {
            "low": -0.05,
            "high": 0.01
        },
        "tp1": {
            "low": 1.02,
            "high": 1.06
        },
        "tp2": {
            "low": 1.1,
            "high": 1.25
        },
        "init_pt": {
            "low": 0.01,
            "high": 0.05
        },
        "slope_min": {
            "low": 0.0,
            "high": 0.005
        }
    },
    "initial_trial": {
        "strength_alpha": 80,
        "confirm_n": 1,
        "model_th": 0.4,
        "atr_stop": 4.0,
        "risk": 0.008,
        "kelly": 0.2,
        "slope": 0.012,
        "max_stop": 0.12,
        "predict_up": -0.05,
        "tp1": 1.05,
        "tp2": 1.2,
        "init_pt": 0.01,
        "trend_stage": 0.15,
        "min_stop": 0.01,
        "atr_mult": 3.5,
        "slope_min": 0.0001
    },
    "_META": {
        "last_optimized": "2026-05-16 10:29:40",
        "best_value": 18.74145,
        "status": "ACTIVE"
    }
}