{
    "ticker": "sh600584",
    "category": "STOCK",
    "best_params": {
        "strength_alpha": 37,
        "confirm_n": 1,
        "atr_mult": 4.481325820817204,
        "model_th": 0.4578464483116646,
        "atr_stop": 4.478222830406529,
        "risk": 0.008266582241188076,
        "kelly": 0.29961089247448713,
        "slope": 0.006275944074255352,
        "max_stop": 0.14976403538571167,
        "slope_min": 0.004935202333361078,
        "predict_up": -0.03010535502557446,
        "tp1": 1.040159930913513,
        "tp2": 1.2137452561298092,
        "init_pt": 0.023321702881793895
    },
    "intercept_stats": {
        "ticker": "sh600584",
        "status": "ANEMIC",
        "success_count": 0,
        "total_scans": 25,
        "intercept_report": {
            "model_confidence": 12,
            "slope_filter": 188,
            "predict_up_filter": 0,
            "zero_strength_ghost": 0,
            "other_error": 0
        },
        "current_config": {
            "strength_alpha": 37,
            "confirm_n": 1,
            "atr_mult": 4.481325820817204,
            "model_th": 0.4578464483116646,
            "atr_stop": 4.478222830406529,
            "risk": 0.008266582241188076,
            "kelly": 0.29961089247448713,
            "slope": 0.006275944074255352,
            "max_stop": 0.14976403538571167,
            "slope_min": 0.004935202333361078,
            "predict_up": -0.03010535502557446,
            "tp1": 1.040159930913513,
            "tp2": 1.2137452561298092,
            "init_pt": 0.023321702881793895
        },
        "sample_details": [],
        "success_rate": "0.0%"
    },
    "search_space": {
        "strength_alpha": {
            "low": 10,
            "high": 80
        },
        "confirm_n": {
            "low": 1,
            "high": 1
        },
        "atr_mult": {
            "low": 2.5,
            "high": 4.5
        },
        "model_th": {
            "low": 0.4,
            "high": 0.55
        },
        "atr_stop": {
            "low": 3.5,
            "high": 4.5
        },
        "risk": {
            "low": 0.005,
            "high": 0.01
        },
        "kelly": {
            "low": 0.15,
            "high": 0.3
        },
        "slope": {
            "low": 0.006,
            "high": 0.02
        },
        "max_stop": {
            "low": 0.08,
            "high": 0.15
        },
        "slope_min": {
            "low": 0.0,
            "high": 0.005
        },
        "predict_up": {
            "low": -0.05,
            "high": 0.01
        },
        "tp1": {
            "low": 1.02,
            "high": 1.06
        },
        "tp2": {
            "low": 1.1,
            "high": 1.25
        },
        "init_pt": {
            "low": 0.01,
            "high": 0.05
        }
    },
    "initial_trial": {
        "strength_alpha": 80,
        "confirm_n": 1,
        "model_th": 0.4,
        "atr_stop": 4.0,
        "risk": 0.008,
        "kelly": 0.2,
        "slope": 0.012,
        "max_stop": 0.12,
        "slope_min": 0.0001,
        "predict_up": -0.05,
        "tp1": 1.05,
        "tp2": 1.2,
        "init_pt": 0.01,
        "trend_stage": 0.15,
        "min_stop": 0.01,
        "atr_mult": 3.5
    },
    "_META": {
        "last_optimized": "2026-04-05 20:23:23",
        "best_value": -23.2574,
        "status": "SIGNAL_BLOCKED"
    }
}