{
    "ticker": "sh601619",
    "category": "STOCK",
    "best_params": {
        "window": 116,
        "slope": 0.062386026606721726,
        "strength_alpha": 13,
        "confirm_n": 1,
        "atr_mult": 4.033682908320404,
        "model_th": 0.438525722233454,
        "atr_stop": 4.347439592479452,
        "risk": 0.007522517978351543,
        "kelly": 0.21541465294490109,
        "max_stop": 0.13422703547444914,
        "predict_up": 0.00550233658113012,
        "tp1": 1.052231073380424,
        "tp2": 1.2296898631143047,
        "init_pt": 0.01969356879706405,
        "slope_min": 0.0011835192032373426
    },
    "intercept_stats": {
        "ticker": "sh601619",
        "status": "ANEMIC",
        "success_count": 1,
        "total_scans": 13,
        "intercept_report": {
            "model_confidence": 36,
            "slope_filter": 53,
            "predict_up_filter": 14,
            "zero_strength_ghost": 0,
            "other_error": 0
        },
        "current_config": {
            "window": 116,
            "slope": 0.062386026606721726,
            "strength_alpha": 13,
            "confirm_n": 1,
            "atr_mult": 4.033682908320404,
            "model_th": 0.438525722233454,
            "atr_stop": 4.347439592479452,
            "risk": 0.007522517978351543,
            "kelly": 0.21541465294490109,
            "max_stop": 0.13422703547444914,
            "predict_up": 0.00550233658113012,
            "tp1": 1.052231073380424,
            "tp2": 1.2296898631143047,
            "init_pt": 0.01969356879706405,
            "slope_min": 0.0011835192032373426
        },
        "slope_stats": {
            "max_ref": 0.16476099232162733,
            "avg_ref": 0.12201229297966366,
            "all_positive_slopes": [
                0.14902084521117284,
                0.1483754795812773,
                0.14590542920011346,
                0.1432037035264939,
                0.14258850693741174,
                0.14789267917734117,
                0.1529272035066561,
                0.1569311479222329,
                0.15912494080593412,
                0.16160597257640588,
                0.16265460566452186,
                0.16331138313102792,
                0.16377621925111915,
                0.16340594941323158,
                0.16216985327400252,
                0.15923698815058873,
                0.15376656158060653,
                0.1504986436317569,
                0.14520711833300454,
                0.1413555774607701,
                0.13032069885098257,
                0.11561396622302772,
                0.0979779961509631,
                0.0738808731263843,
                0.027705327422400908,
                0.029548466896446156,
                0.032718058508028273,
                0.02912566061354474,
                0.029659877658412825,
                0.03211733587965129,
                0.014971029075383929,
                0.03304542662688035,
                0.06729271043209047,
                0.09880704814395488,
                0.11594147693423375,
                0.13714200846117244,
                0.1550029308184234,
                0.1681312258768388,
                0.16542717957504502,
                0.16550643525111078,
                0.16394676345633907,
                0.16253732124373213,
                0.1587541251219862,
                0.1530726378664401,
                0.14137734600492696,
                0.12598770560643296,
                0.10363257541443781,
                0.09945065276834394,
                0.09635039417079838,
                0.10261058646909993
            ]
        },
        "success_rate": "7.7%"
    },
    "search_space": {
        "strength_alpha": {
            "low": 10,
            "high": 80
        },
        "confirm_n": {
            "low": 1,
            "high": 1
        },
        "atr_mult": {
            "low": 2.5,
            "high": 4.5
        },
        "model_th": {
            "low": 0.4,
            "high": 0.55
        },
        "atr_stop": {
            "low": 3.5,
            "high": 4.5
        },
        "risk": {
            "low": 0.005,
            "high": 0.01
        },
        "kelly": {
            "low": 0.15,
            "high": 0.3
        },
        "slope": {
            "low": 0.006,
            "high": 0.02
        },
        "max_stop": {
            "low": 0.08,
            "high": 0.15
        },
        "predict_up": {
            "low": -0.05,
            "high": 0.01
        },
        "tp1": {
            "low": 1.02,
            "high": 1.06
        },
        "tp2": {
            "low": 1.1,
            "high": 1.25
        },
        "init_pt": {
            "low": 0.01,
            "high": 0.05
        },
        "slope_min": {
            "low": 0.0,
            "high": 0.005
        }
    },
    "initial_trial": {
        "strength_alpha": 80,
        "confirm_n": 1,
        "model_th": 0.4,
        "atr_stop": 4.0,
        "risk": 0.008,
        "kelly": 0.2,
        "slope": 0.012,
        "max_stop": 0.12,
        "predict_up": -0.05,
        "tp1": 1.05,
        "tp2": 1.2,
        "init_pt": 0.01,
        "trend_stage": 0.15,
        "min_stop": 0.01,
        "atr_mult": 3.5,
        "slope_min": 0.0001
    },
    "_META": {
        "last_optimized": "2026-05-10 14:18:35",
        "best_value": 43.31076,
        "status": "ACTIVE"
    }
}