{
    "ticker": "sh603871",
    "category": "STOCK",
    "best_params": {
        "window": 32,
        "slope": 0.005498018897528992,
        "strength_alpha": 63,
        "confirm_n": 1,
        "atr_mult": 3.1684968584294375,
        "model_th": 0.4258306502546177,
        "atr_stop": 3.70240910938911,
        "risk": 0.0068467878021125465,
        "kelly": 0.24184305018882157,
        "max_stop": 0.10734315188833804,
        "predict_up": -0.02625361974512393,
        "tp1": 1.03835185117232,
        "tp2": 1.1421423227378995,
        "init_pt": 0.0459818326707587
    },
    "intercept_stats": {
        "ticker": "sh603871",
        "status": "HEALTHY",
        "success_count": 46,
        "total_scans": 13,
        "intercept_report": {
            "model_confidence": 35,
            "slope_filter": 23,
            "predict_up_filter": 0,
            "zero_strength_ghost": 0,
            "other_error": 0
        },
        "current_config": {
            "window": 32,
            "slope": 0.005498018897528992,
            "strength_alpha": 63,
            "confirm_n": 1,
            "atr_mult": 3.1684968584294375,
            "model_th": 0.4258306502546177,
            "atr_stop": 3.70240910938911,
            "risk": 0.0068467878021125465,
            "kelly": 0.24184305018882157,
            "max_stop": 0.10734315188833804,
            "predict_up": -0.02625361974512393,
            "tp1": 1.03835185117232,
            "tp2": 1.1421423227378995,
            "init_pt": 0.0459818326707587
        },
        "slope_stats": {
            "max_ref": 0.15064265862183795,
            "avg_ref": 0.10567657820870792,
            "all_positive_slopes": [
                0.014087162734971756,
                0.06413925901471776,
                0.08992751237332872,
                0.11234939157487564,
                0.12542683656693454,
                0.13547919643710765,
                0.143078221915551,
                0.14933722370872737,
                0.1518448444687171,
                0.153156516481656,
                0.15037646752540312,
                0.1475554639606719,
                0.1425915972332137,
                0.13489509429024713,
                0.13501852381964968,
                0.13470316407659774,
                0.13230326210200324,
                0.13694016733146644,
                0.13512544582722194,
                0.13523816241445916,
                0.1311121680838771,
                0.1275003281412519,
                0.10904982225520407,
                0.0714404014540844,
                0.03942525457090208,
                0.006430905477882761,
                0.005626429166185167,
                0.054261527984005124,
                0.08635090052023188,
                0.10715564742829581,
                0.12571910459725863,
                0.1385182201428835,
                0.1406801328018987,
                0.14515338021019808,
                0.1449601965292814,
                0.1428976219736922,
                0.13547437760708336,
                0.1227212442777292,
                0.10459652756152457,
                0.0794736956477908,
                0.05949749590867425,
                0.018777842455791855,
                0.0022276962089985844,
                0.053109272017369834,
                0.08595794317897615,
                0.11561187426401014,
                0.13187776934670228,
                0.14350754506267877,
                0.15068963352120882,
                0.1545869223102084,
                0.14924638196895024,
                0.14135771105773243,
                0.13401799253814908,
                0.11804137391467986,
                0.09844396929621538,
                0.07320354996871166,
                0.04710984689817541,
                0.020916133357485527,
                0.04277655151575325,
                0.07263746594749101,
                0.10194803522399447,
                0.1008393530343361,
                0.10423770369511687,
                0.10055954237711413
            ]
        },
        "success_rate": "353.8%"
    },
    "search_space": {
        "strength_alpha": {
            "low": 10,
            "high": 80
        },
        "confirm_n": {
            "low": 1,
            "high": 1
        },
        "atr_mult": {
            "low": 2.5,
            "high": 4.5
        },
        "model_th": {
            "low": 0.4,
            "high": 0.55
        },
        "atr_stop": {
            "low": 3.5,
            "high": 4.5
        },
        "risk": {
            "low": 0.005,
            "high": 0.01
        },
        "kelly": {
            "low": 0.15,
            "high": 0.3
        },
        "slope": {
            "low": 0.006,
            "high": 0.02
        },
        "max_stop": {
            "low": 0.08,
            "high": 0.15
        },
        "predict_up": {
            "low": -0.05,
            "high": 0.01
        },
        "tp1": {
            "low": 1.02,
            "high": 1.06
        },
        "tp2": {
            "low": 1.1,
            "high": 1.25
        },
        "init_pt": {
            "low": 0.01,
            "high": 0.05
        }
    },
    "initial_trial": {
        "strength_alpha": 80,
        "confirm_n": 1,
        "model_th": 0.4,
        "atr_stop": 4.0,
        "risk": 0.008,
        "kelly": 0.2,
        "slope": 0.012,
        "max_stop": 0.12,
        "predict_up": -0.05,
        "tp1": 1.05,
        "tp2": 1.2,
        "init_pt": 0.01,
        "trend_stage": 0.15,
        "min_stop": 0.01,
        "atr_mult": 3.5,
        "slope_min": 0.0001
    },
    "_META": {
        "last_optimized": "2026-04-25 21:29:05",
        "best_value": 12.01685,
        "status": "ACTIVE"
    }
}