{
    "ticker": "sh603178",
    "category": "STOCK",
    "best_params": {
        "window": 84,
        "slope": 0.09636750455502222,
        "strength_alpha": 16,
        "confirm_n": 1,
        "atr_mult": 3.200920390942514,
        "model_th": 0.4898810733173751,
        "atr_stop": 3.88341016910811,
        "risk": 0.008223811372829685,
        "kelly": 0.1831876892236528,
        "max_stop": 0.10522711184777987,
        "predict_up": -0.04940871171759561,
        "tp1": 1.0314858474347455,
        "tp2": 1.1264927853966784,
        "init_pt": 0.033700159767813195
    },
    "intercept_stats": {
        "ticker": "sh603178",
        "status": "HEALTHY",
        "success_count": 7,
        "total_scans": 13,
        "intercept_report": {
            "model_confidence": 66,
            "slope_filter": 31,
            "predict_up_filter": 0,
            "zero_strength_ghost": 0,
            "other_error": 0
        },
        "current_config": {
            "window": 84,
            "slope": 0.09636750455502222,
            "strength_alpha": 16,
            "confirm_n": 1,
            "atr_mult": 3.200920390942514,
            "model_th": 0.4898810733173751,
            "atr_stop": 3.88341016910811,
            "risk": 0.008223811372829685,
            "kelly": 0.1831876892236528,
            "max_stop": 0.10522711184777987,
            "predict_up": -0.04940871171759561,
            "tp1": 1.0314858474347455,
            "tp2": 1.1264927853966784,
            "init_pt": 0.033700159767813195
        },
        "slope_stats": {
            "max_ref": 0.16309387821469806,
            "avg_ref": 0.11696727704115481,
            "all_positive_slopes": [
                0.06587907012604567,
                0.047859161162132555,
                0.010734188173551637,
                0.057896831908852045,
                0.09111911687192657,
                0.09651306364375027,
                0.10835515734233683,
                0.09962041806646724,
                0.06636060329376911,
                0.020756721692771086,
                0.0039035648996441686,
                0.035907552309690546,
                0.05919450239516286,
                0.08375977993415229,
                0.09474509213726268,
                0.10530461253742311,
                0.1083032018077575,
                0.11106004213262309,
                0.11741005423247358,
                0.11095173158425024,
                0.12252498005775997,
                0.1344553549650141,
                0.14299068324964492,
                0.1493096864467394,
                0.15366809178911686,
                0.1562474125794,
                0.15449625014040902,
                0.15657448474548225,
                0.15879869769681657,
                0.16045850949805537,
                0.16338929133235866,
                0.16455665960580818,
                0.16445886617223698,
                0.16332747532750277,
                0.16248706619774073,
                0.16255420051737746,
                0.1626072153145284,
                0.1625122686454055,
                0.16211654169583156,
                0.16293814680616162,
                0.16259380638710993,
                0.1610900983281007,
                0.16125008264373025,
                0.1598838466601337,
                0.15980632816618828,
                0.16059095716054708,
                0.1611894111245009,
                0.15877864622791335,
                0.15489312569794358,
                0.14246094917182403,
                0.10086119986528101,
                0.055858853931885645,
                0.028433868488836504,
                0.06968282358253233,
                0.09486800296346339,
                0.11317038876237627,
                0.1265908262450419,
                0.13245111221755465,
                0.137057933151773,
                0.14333352524668458,
                0.1441897865521896,
                0.13470375545034372,
                0.12019655496691367,
                0.10183372805235069,
                0.07603345844339457,
                0.07702051341857655,
                0.07929367324278422,
                0.08806151514379791,
                0.09305530031604006,
                0.09236082474022164,
                0.10295556146193933,
                0.11071532281442821,
                0.11723909434246509
            ]
        },
        "success_rate": "53.8%"
    },
    "search_space": {
        "strength_alpha": {
            "low": 10,
            "high": 80
        },
        "confirm_n": {
            "low": 1,
            "high": 1
        },
        "atr_mult": {
            "low": 2.5,
            "high": 4.5
        },
        "model_th": {
            "low": 0.4,
            "high": 0.55
        },
        "atr_stop": {
            "low": 3.5,
            "high": 4.5
        },
        "risk": {
            "low": 0.005,
            "high": 0.01
        },
        "kelly": {
            "low": 0.15,
            "high": 0.3
        },
        "slope": {
            "low": 0.006,
            "high": 0.02
        },
        "max_stop": {
            "low": 0.08,
            "high": 0.15
        },
        "predict_up": {
            "low": -0.05,
            "high": 0.01
        },
        "tp1": {
            "low": 1.02,
            "high": 1.06
        },
        "tp2": {
            "low": 1.1,
            "high": 1.25
        },
        "init_pt": {
            "low": 0.01,
            "high": 0.05
        }
    },
    "initial_trial": {
        "strength_alpha": 80,
        "confirm_n": 1,
        "model_th": 0.4,
        "atr_stop": 4.0,
        "risk": 0.008,
        "kelly": 0.2,
        "slope": 0.012,
        "max_stop": 0.12,
        "predict_up": -0.05,
        "tp1": 1.05,
        "tp2": 1.2,
        "init_pt": 0.01,
        "trend_stage": 0.15,
        "min_stop": 0.01,
        "atr_mult": 3.5
    },
    "_META": {
        "last_optimized": "2026-05-03 14:34:43",
        "best_value": 269.3795,
        "status": "ACTIVE"
    }
}