{
    "ticker": "sh600584",
    "category": "STOCK",
    "best_params": {
        "window": 64,
        "slope": 0.09250130901919687,
        "strength_alpha": 34,
        "confirm_n": 1,
        "atr_mult": 3.186145483122511,
        "model_th": 0.4902217288236027,
        "atr_stop": 3.8343399012060666,
        "risk": 0.006940977628982466,
        "kelly": 0.23257339597528123,
        "max_stop": 0.13410779877142753,
        "predict_up": -0.0281644882570595,
        "tp1": 1.0340994573247657,
        "tp2": 1.191149769942682,
        "init_pt": 0.042074185622662796,
        "slope_min": 0.003917299499976741
    },
    "intercept_stats": {
        "ticker": "sh600584",
        "status": "HEALTHY",
        "success_count": 3,
        "total_scans": 13,
        "intercept_report": {
            "model_confidence": 70,
            "slope_filter": 31,
            "predict_up_filter": 0,
            "zero_strength_ghost": 0,
            "other_error": 0
        },
        "current_config": {
            "window": 64,
            "slope": 0.09250130901919687,
            "strength_alpha": 34,
            "confirm_n": 1,
            "atr_mult": 3.186145483122511,
            "model_th": 0.4902217288236027,
            "atr_stop": 3.8343399012060666,
            "risk": 0.006940977628982466,
            "kelly": 0.23257339597528123,
            "max_stop": 0.13410779877142753,
            "predict_up": -0.0281644882570595,
            "tp1": 1.0340994573247657,
            "tp2": 1.191149769942682,
            "init_pt": 0.042074185622662796,
            "slope_min": 0.003917299499976741
        },
        "slope_stats": {
            "max_ref": 0.1535708629235544,
            "avg_ref": 0.09410805947200983,
            "all_positive_slopes": [
                0.04940689475247208,
                0.04072494760350437,
                0.04495996689658748,
                0.03672092543701345,
                0.017524553157525862,
                0.033393857189001,
                0.07635586514121222,
                0.10499564142589944,
                0.13145552087552165,
                0.14233645548641835,
                0.15008427799494686,
                0.15401745789018792,
                0.15152489178590214,
                0.14460873951875086,
                0.13377081461611037,
                0.10747316278911,
                0.0822393174400874,
                0.05648086607978565,
                0.02148715487280475,
                0.029450928710346894,
                0.07193146975092385,
                0.10127613521098149,
                0.12184918802994119,
                0.13681400162185792,
                0.1505542351479013,
                0.153459214181896,
                0.15576075861984903,
                0.15642121526076264,
                0.15570647792777098,
                0.15312424275807207,
                0.14909157159280617,
                0.1447334449804536,
                0.13952680641027312,
                0.1380338468350826,
                0.1327626676546892,
                0.12550017297341354,
                0.11696254940005686,
                0.09781011055272902,
                0.06483923499040609,
                0.010889200940544234,
                0.027260001474325894,
                0.07190737975693691,
                0.095637549949677,
                0.1110071720449077,
                0.12320994376510033,
                0.13170594447151815,
                0.13788483869869578,
                0.14277157433486085,
                0.1463666629241944,
                0.15008897947612207,
                0.15184995087339292,
                0.1523524547540515,
                0.14971559599582157,
                0.14483326639895366,
                0.1365511470867478,
                0.12591025029838426,
                0.1126476761719117,
                0.08488914149043868,
                0.057803257844800934,
                0.01237094372281998,
                0.016797773324301043,
                0.0509440595663264,
                0.07301684924588216,
                0.07433622017913832,
                0.07587968911211893,
                0.07447375753036502,
                0.06670645554704853,
                0.052901125803242,
                0.044835083217796314,
                0.043456501179963025,
                0.013327050831219826,
                0.026190292492300583,
                0.04245603306748703,
                0.0393983856396468,
                0.03492098407010016,
                0.025247390823186396,
                0.03861041167737121
            ]
        },
        "success_rate": "23.1%"
    },
    "search_space": {
        "strength_alpha": {
            "low": 10,
            "high": 80
        },
        "confirm_n": {
            "low": 1,
            "high": 1
        },
        "atr_mult": {
            "low": 2.5,
            "high": 4.5
        },
        "model_th": {
            "low": 0.4,
            "high": 0.55
        },
        "atr_stop": {
            "low": 3.5,
            "high": 4.5
        },
        "risk": {
            "low": 0.005,
            "high": 0.01
        },
        "kelly": {
            "low": 0.15,
            "high": 0.3
        },
        "slope": {
            "low": 0.006,
            "high": 0.02
        },
        "max_stop": {
            "low": 0.08,
            "high": 0.15
        },
        "predict_up": {
            "low": -0.05,
            "high": 0.01
        },
        "tp1": {
            "low": 1.02,
            "high": 1.06
        },
        "tp2": {
            "low": 1.1,
            "high": 1.25
        },
        "init_pt": {
            "low": 0.01,
            "high": 0.05
        },
        "slope_min": {
            "low": 0.0,
            "high": 0.005
        }
    },
    "initial_trial": {
        "strength_alpha": 80,
        "confirm_n": 1,
        "model_th": 0.4,
        "atr_stop": 4.0,
        "risk": 0.008,
        "kelly": 0.2,
        "slope": 0.012,
        "max_stop": 0.12,
        "predict_up": -0.05,
        "tp1": 1.05,
        "tp2": 1.2,
        "init_pt": 0.01,
        "trend_stage": 0.15,
        "min_stop": 0.01,
        "atr_mult": 3.5,
        "slope_min": 0.0001
    },
    "_META": {
        "last_optimized": "2026-05-16 08:29:26",
        "best_value": 62.74618,
        "status": "ACTIVE"
    }
}