{
    "ticker": "sh603178",
    "category": "STOCK",
    "best_params": {
        "window": 100,
        "slope": 0.001278858827958725,
        "strength_alpha": 12,
        "confirm_n": 1,
        "atr_mult": 3.401075340936255,
        "model_th": 0.4330473010445171,
        "atr_stop": 3.693670486086108,
        "risk": 0.006756311805655484,
        "kelly": 0.2937342489301908,
        "max_stop": 0.08135824432367396,
        "predict_up": -0.04015567505067293,
        "tp1": 1.0496176399265476,
        "tp2": 1.226375812624447,
        "init_pt": 0.04685852229172742
    },
    "intercept_stats": {
        "ticker": "sh603178",
        "status": "HEALTHY",
        "success_count": 32,
        "total_scans": 13,
        "intercept_report": {
            "model_confidence": 40,
            "slope_filter": 32,
            "predict_up_filter": 0,
            "zero_strength_ghost": 0,
            "other_error": 0
        },
        "current_config": {
            "window": 100,
            "slope": 0.001278858827958725,
            "strength_alpha": 12,
            "confirm_n": 1,
            "atr_mult": 3.401075340936255,
            "model_th": 0.4330473010445171,
            "atr_stop": 3.693670486086108,
            "risk": 0.006756311805655484,
            "kelly": 0.2937342489301908,
            "max_stop": 0.08135824432367396,
            "predict_up": -0.04015567505067293,
            "tp1": 1.0496176399265476,
            "tp2": 1.226375812624447,
            "init_pt": 0.04685852229172742
        },
        "slope_stats": {
            "max_ref": 0.15868459047712635,
            "avg_ref": 0.12131730605503549,
            "all_positive_slopes": [
                0.028433868488836504,
                0.06968282358253233,
                0.09486800296346339,
                0.11317038876237627,
                0.1265908262450419,
                0.13245111221755465,
                0.137057933151773,
                0.14333352524668458,
                0.1441897865521896,
                0.13470375545034372,
                0.12019655496691367,
                0.10183372805235069,
                0.07603345844339457,
                0.07702051341857655,
                0.07929367324278422,
                0.08806151514379791,
                0.09305530031604006,
                0.09236082474022164,
                0.10295556146193933,
                0.11071532281442821,
                0.11723909434246509,
                0.13225085803653336,
                0.14430835571722506,
                0.14930262661927488,
                0.15491389293545013,
                0.1545787369798872,
                0.1512228553440929,
                0.1447654901183077,
                0.13486332419938404,
                0.13146246451674462,
                0.12545371316880127,
                0.12149020153078186,
                0.13874470064963818,
                0.1388117868707078,
                0.1413212465218639,
                0.14299451299421564,
                0.14129329493840745,
                0.12419328245814563,
                0.12643603557771182,
                0.12718319566916728,
                0.12895166059454874,
                0.14015744999860333,
                0.1309655413668999,
                0.12641608047116934,
                0.11850133486011574,
                0.10407227283138967,
                0.08027383118925954,
                0.046174991837826994,
                0.0009675173586826157,
                0.045859940620803306,
                0.09058094292732655,
                0.12049996918159978,
                0.13104484490835536,
                0.13838843613976842,
                0.14580004446728337,
                0.1471812857494235,
                0.15063634780109353,
                0.15295465915168502,
                0.15549742505505001,
                0.1571113698945048,
                0.15896221763876547,
                0.16113160891643627,
                0.16198575326929737,
                0.161353916842334
            ]
        },
        "success_rate": "246.2%"
    },
    "search_space": {
        "strength_alpha": {
            "low": 10,
            "high": 80
        },
        "confirm_n": {
            "low": 1,
            "high": 1
        },
        "atr_mult": {
            "low": 2.5,
            "high": 4.5
        },
        "model_th": {
            "low": 0.4,
            "high": 0.55
        },
        "atr_stop": {
            "low": 3.5,
            "high": 4.5
        },
        "risk": {
            "low": 0.005,
            "high": 0.01
        },
        "kelly": {
            "low": 0.15,
            "high": 0.3
        },
        "slope": {
            "low": 0.006,
            "high": 0.02
        },
        "max_stop": {
            "low": 0.08,
            "high": 0.15
        },
        "predict_up": {
            "low": -0.05,
            "high": 0.01
        },
        "tp1": {
            "low": 1.02,
            "high": 1.06
        },
        "tp2": {
            "low": 1.1,
            "high": 1.25
        },
        "init_pt": {
            "low": 0.01,
            "high": 0.05
        }
    },
    "initial_trial": {
        "strength_alpha": 80,
        "confirm_n": 1,
        "model_th": 0.4,
        "atr_stop": 4.0,
        "risk": 0.008,
        "kelly": 0.2,
        "slope": 0.012,
        "max_stop": 0.12,
        "predict_up": -0.05,
        "tp1": 1.05,
        "tp2": 1.2,
        "init_pt": 0.01,
        "trend_stage": 0.15,
        "min_stop": 0.01,
        "atr_mult": 3.5
    },
    "_META": {
        "last_optimized": "2026-05-16 12:06:13",
        "best_value": 14.19933,
        "status": "ACTIVE"
    }
}