{
    "ticker": "sh600031",
    "category": "STOCK",
    "best_params": {
        "window": 96,
        "slope": 0.14224385927030844,
        "strength_alpha": 51,
        "confirm_n": 1,
        "atr_mult": 3.6542127357448457,
        "model_th": 0.5238608973539643,
        "atr_stop": 4.45065687626983,
        "risk": 0.006612060153162546,
        "kelly": 0.2278211820112697,
        "max_stop": 0.0956433115692578,
        "predict_up": -0.0183515387390318,
        "tp1": 1.053511413180021,
        "tp2": 1.2418951949086448,
        "init_pt": 0.0167326936362541
    },
    "intercept_stats": {
        "ticker": "sh600031",
        "status": "ANEMIC",
        "success_count": 2,
        "total_scans": 13,
        "intercept_report": {
            "model_confidence": 51,
            "slope_filter": 51,
            "predict_up_filter": 0,
            "zero_strength_ghost": 0,
            "other_error": 0
        },
        "current_config": {
            "window": 96,
            "slope": 0.14224385927030844,
            "strength_alpha": 51,
            "confirm_n": 1,
            "atr_mult": 3.6542127357448457,
            "model_th": 0.5238608973539643,
            "atr_stop": 4.45065687626983,
            "risk": 0.006612060153162546,
            "kelly": 0.2278211820112697,
            "max_stop": 0.0956433115692578,
            "predict_up": -0.0183515387390318,
            "tp1": 1.053511413180021,
            "tp2": 1.2418951949086448,
            "init_pt": 0.0167326936362541
        },
        "slope_stats": {
            "max_ref": 0.15533609251700886,
            "avg_ref": 0.12351544067935397,
            "all_positive_slopes": [
                0.032622256810473975,
                0.023725092759993842,
                0.045135304052247464,
                0.08464743435995462,
                0.10678668803305548,
                0.1253402373093164,
                0.13019039974746596,
                0.13418579023442284,
                0.13893756891621697,
                0.1437729115525433,
                0.14890326824992495,
                0.154486331796594,
                0.15562870992733688,
                0.1548357859941317,
                0.15409818351983315,
                0.15430223212785402,
                0.15509667827219503,
                0.15474351378506887,
                0.1531187766053949,
                0.15030940848137458,
                0.14879513944021042,
                0.1580282771136604,
                0.1547656756716462,
                0.15628306828663827,
                0.15394673231853603,
                0.1428818240396448,
                0.1387587074937318,
                0.13623956686084154,
                0.12833474354914395,
                0.12807883411285992,
                0.12576423010219984,
                0.13047788405489968,
                0.13146456609312598,
                0.1321589164785463,
                0.1352528598209498,
                0.13608102811974945,
                0.13877692757046028,
                0.1413528969180751,
                0.14716820892572072,
                0.150025452935513,
                0.14975983117802089,
                0.15122546982250407,
                0.11642166948143594,
                0.07992754268327722,
                0.041381017169431815,
                0.029050255970860746,
                0.054055356081712684,
                0.07387873692900834,
                0.08880855152038432,
                0.09984396370609781,
                0.10861688145995704,
                0.11433152688216261
            ]
        },
        "success_rate": "15.4%"
    },
    "search_space": {
        "strength_alpha": {
            "low": 10,
            "high": 80
        },
        "confirm_n": {
            "low": 1,
            "high": 1
        },
        "atr_mult": {
            "low": 2.5,
            "high": 4.5
        },
        "model_th": {
            "low": 0.4,
            "high": 0.55
        },
        "atr_stop": {
            "low": 3.5,
            "high": 4.5
        },
        "risk": {
            "low": 0.005,
            "high": 0.01
        },
        "kelly": {
            "low": 0.15,
            "high": 0.3
        },
        "slope": {
            "low": 0.006,
            "high": 0.02
        },
        "max_stop": {
            "low": 0.08,
            "high": 0.15
        },
        "predict_up": {
            "low": -0.05,
            "high": 0.01
        },
        "tp1": {
            "low": 1.02,
            "high": 1.06
        },
        "tp2": {
            "low": 1.1,
            "high": 1.25
        },
        "init_pt": {
            "low": 0.01,
            "high": 0.05
        }
    },
    "initial_trial": {
        "strength_alpha": 80,
        "confirm_n": 1,
        "model_th": 0.4,
        "atr_stop": 4.0,
        "risk": 0.008,
        "kelly": 0.2,
        "slope": 0.012,
        "max_stop": 0.12,
        "predict_up": -0.05,
        "tp1": 1.05,
        "tp2": 1.2,
        "init_pt": 0.01,
        "trend_stage": 0.15,
        "min_stop": 0.01,
        "atr_mult": 3.5
    },
    "_META": {
        "last_optimized": "2026-05-11 17:21:23",
        "best_value": 2.98352,
        "status": "ACTIVE"
    }
}