{
    "ticker": "sh601899",
    "category": "STOCK",
    "best_params": {
        "window": 44,
        "strength_alpha": 33,
        "confirm_n": 1,
        "atr_mult": 3.56869368467317,
        "model_th": 0.4892771906282743,
        "atr_stop": 1.278496767533855,
        "risk": 0.006498513239301014,
        "kelly": 0.290274516874607,
        "slope": 0.0037143749615368127,
        "max_stop": 0.10260742364523927,
        "slope_min": 0.0030423582518911327,
        "predict_up": 0.0009913695976900413,
        "tp1": 1.029852731948771,
        "tp2": 1.1766124107498859,
        "init_pt": 0.041404485670587965
    },
    "intercept_stats": {
        "ticker": "sh601899",
        "status": "ANEMIC",
        "success_count": 0,
        "total_scans": 13,
        "intercept_report": {
            "model_confidence": 68,
            "slope_filter": 36,
            "predict_up_filter": 0,
            "zero_strength_ghost": 0,
            "other_error": 0
        },
        "current_config": {
            "window": 44,
            "strength_alpha": 33,
            "confirm_n": 1,
            "atr_mult": 3.56869368467317,
            "model_th": 0.4892771906282743,
            "atr_stop": 1.278496767533855,
            "risk": 0.006498513239301014,
            "kelly": 0.290274516874607,
            "slope": 0.0037143749615368127,
            "max_stop": 0.10260742364523927,
            "slope_min": 0.0030423582518911327,
            "predict_up": 0.0009913695976900413,
            "tp1": 1.029852731948771,
            "tp2": 1.1766124107498859,
            "init_pt": 0.041404485670587965
        },
        "sample_details": [],
        "success_rate": "0.0%"
    },
    "search_space": {
        "strength_alpha": {
            "low": 10,
            "high": 80
        },
        "confirm_n": {
            "low": 1,
            "high": 1
        },
        "atr_mult": {
            "low": 2.5,
            "high": 4.5
        },
        "model_th": {
            "low": 0.4,
            "high": 0.55
        },
        "atr_stop": {
            "low": 1.0,
            "high": 3.0
        },
        "risk": {
            "low": 0.005,
            "high": 0.01
        },
        "kelly": {
            "low": 0.15,
            "high": 0.3
        },
        "slope": {
            "low": 0.001,
            "high": 0.005
        },
        "max_stop": {
            "low": 0.08,
            "high": 0.15
        },
        "slope_min": {
            "low": 0.0,
            "high": 0.005
        },
        "predict_up": {
            "low": -0.05,
            "high": 0.01
        },
        "tp1": {
            "low": 1.02,
            "high": 1.06
        },
        "tp2": {
            "low": 1.1,
            "high": 1.25
        },
        "init_pt": {
            "low": 0.01,
            "high": 0.05
        }
    },
    "initial_trial": {
        "strength_alpha": 80,
        "confirm_n": 1,
        "model_th": 0.4,
        "atr_stop": 1.0,
        "risk": 0.008,
        "kelly": 0.2,
        "slope": 0.001,
        "max_stop": 0.12,
        "slope_min": 0.0001,
        "predict_up": -0.05,
        "tp1": 1.05,
        "tp2": 1.2,
        "init_pt": 0.01,
        "trend_stage": 0.15,
        "min_stop": 0.01,
        "atr_mult": 3.5
    },
    "_META": {
        "last_optimized": "2026-04-21 23:11:08",
        "best_value": -92.76215,
        "status": "SIGNAL_BLOCKED"
    }
}