{
    "ticker": "sh600879",
    "category": "STOCK",
    "best_params": {
        "window": 64,
        "slope": 0.09545802891654018,
        "strength_alpha": 32,
        "confirm_n": 1,
        "atr_mult": 4.340355524402655,
        "model_th": 0.4044948022181694,
        "atr_stop": 4.3691692017066215,
        "risk": 0.00800901890796923,
        "kelly": 0.20395166996599842,
        "max_stop": 0.11434662956385762,
        "predict_up": 0.0069946574095420405,
        "tp1": 1.0280904715957624,
        "tp2": 1.1075366533306217,
        "init_pt": 0.038470404919928425,
        "slope_min": 0.002264155881092667
    },
    "intercept_stats": {
        "ticker": "sh600879",
        "status": "ANEMIC",
        "success_count": 0,
        "total_scans": 13,
        "intercept_report": {
            "model_confidence": 35,
            "slope_filter": 54,
            "predict_up_filter": 15,
            "zero_strength_ghost": 0,
            "other_error": 0
        },
        "current_config": {
            "window": 64,
            "slope": 0.09545802891654018,
            "strength_alpha": 32,
            "confirm_n": 1,
            "atr_mult": 4.340355524402655,
            "model_th": 0.4044948022181694,
            "atr_stop": 4.3691692017066215,
            "risk": 0.00800901890796923,
            "kelly": 0.20395166996599842,
            "max_stop": 0.11434662956385762,
            "predict_up": 0.0069946574095420405,
            "tp1": 1.0280904715957624,
            "tp2": 1.1075366533306217,
            "init_pt": 0.038470404919928425,
            "slope_min": 0.002264155881092667
        },
        "slope_stats": {
            "max_ref": 0.16561662940994026,
            "avg_ref": 0.1341453270777625,
            "all_positive_slopes": [
                0.0011353940555897247,
                0.04097614824488589,
                0.09250376284230066,
                0.12848968626044527,
                0.14013789600200716,
                0.1552130070639417,
                0.16149719611945343,
                0.16575000197748507,
                0.16486051239287403,
                0.16302452974262283,
                0.16292421605517354,
                0.16297330789219477,
                0.16508313913976097,
                0.16664719095787467,
                0.16612188640795314,
                0.1648545933616981,
                0.16269730952074055,
                0.15753133186185325,
                0.1524706188124274,
                0.14778187000360354,
                0.14004152051815388,
                0.13480643773501547,
                0.12941737821242424,
                0.1220797765752397,
                0.12014732503969025,
                0.11703168377770813,
                0.11499501311092954,
                0.11772272893439528,
                0.12044812292377369,
                0.12891440914787852,
                0.13763263648996363,
                0.14791892448098554,
                0.15523840153667456,
                0.15997426369564136,
                0.162418626397459,
                0.1642592774302376,
                0.16371814364016288,
                0.16005251997460265,
                0.15872847222281775,
                0.15607728746794677,
                0.13926345890132047,
                0.1129637657301319,
                0.08891109114281835,
                0.04804755109105242,
                0.013057303607402147
            ]
        },
        "success_rate": "0.0%"
    },
    "search_space": {
        "strength_alpha": {
            "low": 10,
            "high": 80
        },
        "confirm_n": {
            "low": 1,
            "high": 1
        },
        "atr_mult": {
            "low": 2.5,
            "high": 4.5
        },
        "model_th": {
            "low": 0.4,
            "high": 0.55
        },
        "atr_stop": {
            "low": 3.5,
            "high": 4.5
        },
        "risk": {
            "low": 0.005,
            "high": 0.01
        },
        "kelly": {
            "low": 0.15,
            "high": 0.3
        },
        "slope": {
            "low": 0.006,
            "high": 0.02
        },
        "max_stop": {
            "low": 0.08,
            "high": 0.15
        },
        "predict_up": {
            "low": -0.05,
            "high": 0.01
        },
        "tp1": {
            "low": 1.02,
            "high": 1.06
        },
        "tp2": {
            "low": 1.1,
            "high": 1.25
        },
        "init_pt": {
            "low": 0.01,
            "high": 0.05
        },
        "slope_min": {
            "low": 0.0,
            "high": 0.005
        }
    },
    "initial_trial": {
        "strength_alpha": 80,
        "confirm_n": 1,
        "model_th": 0.4,
        "atr_stop": 4.0,
        "risk": 0.008,
        "kelly": 0.2,
        "slope": 0.012,
        "max_stop": 0.12,
        "predict_up": -0.05,
        "tp1": 1.05,
        "tp2": 1.2,
        "init_pt": 0.01,
        "trend_stage": 0.15,
        "min_stop": 0.01,
        "atr_mult": 3.5,
        "slope_min": 0.0001
    },
    "_META": {
        "last_optimized": "2026-05-16 11:42:02",
        "best_value": 84.4539,
        "status": "SIGNAL_BLOCKED"
    }
}