{
    "ticker": "sh603871",
    "category": "STOCK",
    "best_params": {
        "strength_alpha": 70,
        "confirm_n": 1,
        "atr_mult": 4.226343077157813,
        "model_th": 0.512440169380373,
        "atr_stop": 3.511549697403131,
        "risk": 0.007628476429886778,
        "kelly": 0.20676656332209392,
        "slope": 0.007099125481076229,
        "max_stop": 0.10059768241157854,
        "slope_min": 0.0020695898382221494,
        "predict_up": -0.047077835663650806,
        "tp1": 1.044165862700413,
        "tp2": 1.213064539284685,
        "init_pt": 0.03686821004189946
    },
    "intercept_stats": {
        "ticker": "sh603871",
        "status": "ANEMIC",
        "success_count": 0,
        "total_scans": 25,
        "intercept_report": {
            "model_confidence": 60,
            "slope_filter": 140,
            "predict_up_filter": 0,
            "zero_strength_ghost": 0,
            "other_error": 0
        },
        "current_config": {
            "strength_alpha": 70,
            "confirm_n": 1,
            "atr_mult": 4.226343077157813,
            "model_th": 0.512440169380373,
            "atr_stop": 3.511549697403131,
            "risk": 0.007628476429886778,
            "kelly": 0.20676656332209392,
            "slope": 0.007099125481076229,
            "max_stop": 0.10059768241157854,
            "slope_min": 0.0020695898382221494,
            "predict_up": -0.047077835663650806,
            "tp1": 1.044165862700413,
            "tp2": 1.213064539284685,
            "init_pt": 0.03686821004189946
        },
        "sample_details": [],
        "success_rate": "0.0%"
    },
    "search_space": {
        "strength_alpha": {
            "low": 10,
            "high": 80
        },
        "confirm_n": {
            "low": 1,
            "high": 1
        },
        "atr_mult": {
            "low": 2.5,
            "high": 4.5
        },
        "model_th": {
            "low": 0.4,
            "high": 0.55
        },
        "atr_stop": {
            "low": 3.5,
            "high": 4.5
        },
        "risk": {
            "low": 0.005,
            "high": 0.01
        },
        "kelly": {
            "low": 0.15,
            "high": 0.3
        },
        "slope": {
            "low": 0.006,
            "high": 0.02
        },
        "max_stop": {
            "low": 0.08,
            "high": 0.15
        },
        "slope_min": {
            "low": 0.0,
            "high": 0.005
        },
        "predict_up": {
            "low": -0.05,
            "high": 0.01
        },
        "tp1": {
            "low": 1.02,
            "high": 1.06
        },
        "tp2": {
            "low": 1.1,
            "high": 1.25
        },
        "init_pt": {
            "low": 0.01,
            "high": 0.05
        }
    },
    "initial_trial": {
        "strength_alpha": 80,
        "confirm_n": 1,
        "model_th": 0.4,
        "atr_stop": 4.0,
        "risk": 0.008,
        "kelly": 0.2,
        "slope": 0.012,
        "max_stop": 0.12,
        "slope_min": 0.0001,
        "predict_up": -0.05,
        "tp1": 1.05,
        "tp2": 1.2,
        "init_pt": 0.01,
        "trend_stage": 0.15,
        "min_stop": 0.01,
        "atr_mult": 3.5
    },
    "_META": {
        "last_optimized": "2026-04-05 19:32:30",
        "best_value": -22.41045,
        "status": "SIGNAL_BLOCKED"
    }
}