{
    "ticker": "sh600584",
    "category": "STOCK",
    "best_params": {
        "window": 68,
        "slope": 0.11285436640664119,
        "strength_alpha": 50,
        "confirm_n": 1,
        "atr_mult": 2.539651884439203,
        "model_th": 0.5102727978541519,
        "atr_stop": 3.924202120963341,
        "risk": 0.0077675581003821565,
        "kelly": 0.17630405351351633,
        "max_stop": 0.1320628094973123,
        "predict_up": -0.04489847534948388,
        "tp1": 1.0304840236189863,
        "tp2": 1.1303606151760133,
        "init_pt": 0.04810610814055024,
        "slope_min": 0.004579057687091568
    },
    "intercept_stats": {
        "ticker": "sh600584",
        "status": "HEALTHY",
        "success_count": 13,
        "total_scans": 13,
        "intercept_report": {
            "model_confidence": 65,
            "slope_filter": 26,
            "predict_up_filter": 0,
            "zero_strength_ghost": 0,
            "other_error": 0
        },
        "current_config": {
            "window": 68,
            "slope": 0.11285436640664119,
            "strength_alpha": 50,
            "confirm_n": 1,
            "atr_mult": 2.539651884439203,
            "model_th": 0.5102727978541519,
            "atr_stop": 3.924202120963341,
            "risk": 0.0077675581003821565,
            "kelly": 0.17630405351351633,
            "max_stop": 0.1320628094973123,
            "predict_up": -0.04489847534948388,
            "tp1": 1.0304840236189863,
            "tp2": 1.1303606151760133,
            "init_pt": 0.04810610814055024,
            "slope_min": 0.004579057687091568
        },
        "slope_stats": {
            "max_ref": 0.14517769778012468,
            "avg_ref": 0.0946210470572944,
            "all_positive_slopes": [
                0.07398125586017648,
                0.0735835334759666,
                0.06899447780223014,
                0.07270843914145905,
                0.09761154007421852,
                0.11303799131494166,
                0.12524727238747907,
                0.13233551588431447,
                0.13298481644543073,
                0.13761442588159983,
                0.13549573688055305,
                0.1365411575762931,
                0.13363881240647157,
                0.12769921442207408,
                0.11085275703983145,
                0.0859565610682048,
                0.05684767739807369,
                0.01636869403173963,
                0.02308873212921832,
                0.04011468392582098,
                0.08271023457529285,
                0.11194591713982034,
                0.13545428165836465,
                0.14151087552738542,
                0.14520726086417046,
                0.14501017363719854,
                0.13833373275910524,
                0.1387893228021731,
                0.13868332189365043,
                0.10768246378850652,
                0.05831079592564549,
                0.02651870649877439,
                0.026172185416307017,
                0.06787018995213019,
                0.10133688243468503,
                0.11392783440838454,
                0.1223121025588671,
                0.1281626286185912,
                0.1222655729631553,
                0.10653010553388921,
                0.0935174293948089,
                0.07502235078592047,
                0.05282563796980597,
                0.04940689475247208,
                0.04072494760350437,
                0.04495996689658748,
                0.03672092543701345,
                0.017524553157525862,
                0.033393857189001,
                0.07635586514121222,
                0.10499564142589944,
                0.13145552087552165,
                0.14233645548641835,
                0.15008427799494686,
                0.15401745789018792,
                0.15152489178590214,
                0.14460873951875086,
                0.13377081461611037,
                0.10747316278911,
                0.0822393174400874,
                0.05648086607978565,
                0.02148715487280475,
                0.029450928710346894,
                0.07193146975092385
            ]
        },
        "success_rate": "100.0%"
    },
    "search_space": {
        "strength_alpha": {
            "low": 10,
            "high": 80
        },
        "confirm_n": {
            "low": 1,
            "high": 1
        },
        "atr_mult": {
            "low": 2.5,
            "high": 4.5
        },
        "model_th": {
            "low": 0.4,
            "high": 0.55
        },
        "atr_stop": {
            "low": 3.5,
            "high": 4.5
        },
        "risk": {
            "low": 0.005,
            "high": 0.01
        },
        "kelly": {
            "low": 0.15,
            "high": 0.3
        },
        "slope": {
            "low": 0.006,
            "high": 0.02
        },
        "max_stop": {
            "low": 0.08,
            "high": 0.15
        },
        "predict_up": {
            "low": -0.05,
            "high": 0.01
        },
        "tp1": {
            "low": 1.02,
            "high": 1.06
        },
        "tp2": {
            "low": 1.1,
            "high": 1.25
        },
        "init_pt": {
            "low": 0.01,
            "high": 0.05
        },
        "slope_min": {
            "low": 0.0,
            "high": 0.005
        }
    },
    "initial_trial": {
        "strength_alpha": 80,
        "confirm_n": 1,
        "model_th": 0.4,
        "atr_stop": 4.0,
        "risk": 0.008,
        "kelly": 0.2,
        "slope": 0.012,
        "max_stop": 0.12,
        "predict_up": -0.05,
        "tp1": 1.05,
        "tp2": 1.2,
        "init_pt": 0.01,
        "trend_stage": 0.15,
        "min_stop": 0.01,
        "atr_mult": 3.5,
        "slope_min": 0.0001
    },
    "_META": {
        "last_optimized": "2026-05-03 08:23:20",
        "best_value": 63.41221,
        "status": "ACTIVE"
    }
}