{
    "ticker": "sh601619",
    "category": "STOCK",
    "best_params": {
        "window": 144,
        "slope": 0.11898932211293262,
        "strength_alpha": 71,
        "confirm_n": 1,
        "atr_mult": 2.5647071368627112,
        "model_th": 0.5022875038685332,
        "atr_stop": 3.637047446320414,
        "risk": 0.009324235437994535,
        "kelly": 0.26019787581031845,
        "max_stop": 0.09116010804131211,
        "predict_up": -0.01683010504499093,
        "tp1": 1.044348827184899,
        "tp2": 1.2310161061082532,
        "init_pt": 0.011721101080159856,
        "slope_min": 0.000847749296553781
    },
    "intercept_stats": {
        "ticker": "sh601619",
        "status": "HEALTHY",
        "success_count": 3,
        "total_scans": 13,
        "intercept_report": {
            "model_confidence": 55,
            "slope_filter": 46,
            "predict_up_filter": 0,
            "zero_strength_ghost": 0,
            "other_error": 0
        },
        "current_config": {
            "window": 144,
            "slope": 0.11898932211293262,
            "strength_alpha": 71,
            "confirm_n": 1,
            "atr_mult": 2.5647071368627112,
            "model_th": 0.5022875038685332,
            "atr_stop": 3.637047446320414,
            "risk": 0.009324235437994535,
            "kelly": 0.26019787581031845,
            "max_stop": 0.09116010804131211,
            "predict_up": -0.01683010504499093,
            "tp1": 1.044348827184899,
            "tp2": 1.2310161061082532,
            "init_pt": 0.011721101080159856,
            "slope_min": 0.000847749296553781
        },
        "slope_stats": {
            "max_ref": 0.16304867214442548,
            "avg_ref": 0.11278171277048764,
            "all_positive_slopes": [
                0.1442335013941032,
                0.13757028830875334,
                0.13129991898277607,
                0.1265317458194814,
                0.11532056819237349,
                0.10463184597290714,
                0.09084324674740568,
                0.07423765115805063,
                0.06304061577787404,
                0.042835503972769584,
                0.007706401101283252,
                0.03623090438913188,
                0.07776948992060796,
                0.13022938402773535,
                0.1355041436904025,
                0.13558444627644262,
                0.13852010092072445,
                0.1476160703601771,
                0.14902084521117284,
                0.1483754795812773,
                0.14590542920011346,
                0.1432037035264939,
                0.14258850693741174,
                0.14789267917734117,
                0.1529272035066561,
                0.1569311479222329,
                0.15912494080593412,
                0.16160597257640588,
                0.16265460566452186,
                0.16331138313102792,
                0.16377621925111915,
                0.16340594941323158,
                0.16216985327400252,
                0.15923698815058873,
                0.15376656158060653,
                0.1504986436317569,
                0.14520711833300454,
                0.1413555774607701,
                0.13032069885098257,
                0.11561396622302772,
                0.0979779961509631,
                0.0738808731263843,
                0.027705327422400908,
                0.029548466896446156,
                0.032718058508028273,
                0.02912566061354474,
                0.029659877658412825,
                0.03211733587965129,
                0.014971029075383929
            ]
        },
        "success_rate": "23.1%"
    },
    "search_space": {
        "strength_alpha": {
            "low": 10,
            "high": 80
        },
        "confirm_n": {
            "low": 1,
            "high": 1
        },
        "atr_mult": {
            "low": 2.5,
            "high": 4.5
        },
        "model_th": {
            "low": 0.4,
            "high": 0.55
        },
        "atr_stop": {
            "low": 3.5,
            "high": 4.5
        },
        "risk": {
            "low": 0.005,
            "high": 0.01
        },
        "kelly": {
            "low": 0.15,
            "high": 0.3
        },
        "slope": {
            "low": 0.006,
            "high": 0.02
        },
        "max_stop": {
            "low": 0.08,
            "high": 0.15
        },
        "predict_up": {
            "low": -0.05,
            "high": 0.01
        },
        "tp1": {
            "low": 1.02,
            "high": 1.06
        },
        "tp2": {
            "low": 1.1,
            "high": 1.25
        },
        "init_pt": {
            "low": 0.01,
            "high": 0.05
        },
        "slope_min": {
            "low": 0.0,
            "high": 0.005
        }
    },
    "initial_trial": {
        "strength_alpha": 80,
        "confirm_n": 1,
        "model_th": 0.4,
        "atr_stop": 4.0,
        "risk": 0.008,
        "kelly": 0.2,
        "slope": 0.012,
        "max_stop": 0.12,
        "predict_up": -0.05,
        "tp1": 1.05,
        "tp2": 1.2,
        "init_pt": 0.01,
        "trend_stage": 0.15,
        "min_stop": 0.01,
        "atr_mult": 3.5,
        "slope_min": 0.0001
    },
    "_META": {
        "last_optimized": "2026-04-30 14:29:26",
        "best_value": 197.43774,
        "status": "ACTIVE"
    }
}