{
    "ticker": "sh603871",
    "category": "STOCK",
    "best_params": {
        "window": 156,
        "strength_alpha": 56,
        "confirm_n": 1,
        "atr_mult": 2.655201313673749,
        "model_th": 0.4707030540366996,
        "atr_stop": 3.7855762212316155,
        "risk": 0.009993257503565823,
        "kelly": 0.25974726791979863,
        "slope": 0.017198118420514955,
        "max_stop": 0.08514976110141352,
        "slope_min": 0.0028176280748833057,
        "predict_up": -0.008426497891345124,
        "tp1": 1.0597352207357622,
        "tp2": 1.1118637928928232,
        "init_pt": 0.03520445693820202
    },
    "intercept_stats": {
        "ticker": "sh603871",
        "status": "ANEMIC",
        "success_count": 0,
        "total_scans": 13,
        "intercept_report": {
            "model_confidence": 26,
            "slope_filter": 78,
            "predict_up_filter": 0,
            "zero_strength_ghost": 0,
            "other_error": 0
        },
        "current_config": {
            "window": 156,
            "strength_alpha": 56,
            "confirm_n": 1,
            "atr_mult": 2.655201313673749,
            "model_th": 0.4707030540366996,
            "atr_stop": 3.7855762212316155,
            "risk": 0.009993257503565823,
            "kelly": 0.25974726791979863,
            "slope": 0.017198118420514955,
            "max_stop": 0.08514976110141352,
            "slope_min": 0.0028176280748833057,
            "predict_up": -0.008426497891345124,
            "tp1": 1.0597352207357622,
            "tp2": 1.1118637928928232,
            "init_pt": 0.03520445693820202
        },
        "sample_details": [],
        "success_rate": "0.0%"
    },
    "search_space": {
        "strength_alpha": {
            "low": 10,
            "high": 80
        },
        "confirm_n": {
            "low": 1,
            "high": 1
        },
        "atr_mult": {
            "low": 2.5,
            "high": 4.5
        },
        "model_th": {
            "low": 0.4,
            "high": 0.55
        },
        "atr_stop": {
            "low": 3.5,
            "high": 4.5
        },
        "risk": {
            "low": 0.005,
            "high": 0.01
        },
        "kelly": {
            "low": 0.15,
            "high": 0.3
        },
        "slope": {
            "low": 0.006,
            "high": 0.02
        },
        "max_stop": {
            "low": 0.08,
            "high": 0.15
        },
        "slope_min": {
            "low": 0.0,
            "high": 0.005
        },
        "predict_up": {
            "low": -0.05,
            "high": 0.01
        },
        "tp1": {
            "low": 1.02,
            "high": 1.06
        },
        "tp2": {
            "low": 1.1,
            "high": 1.25
        },
        "init_pt": {
            "low": 0.01,
            "high": 0.05
        }
    },
    "initial_trial": {
        "strength_alpha": 80,
        "confirm_n": 1,
        "model_th": 0.4,
        "atr_stop": 4.0,
        "risk": 0.008,
        "kelly": 0.2,
        "slope": 0.012,
        "max_stop": 0.12,
        "slope_min": 0.0001,
        "predict_up": -0.05,
        "tp1": 1.05,
        "tp2": 1.2,
        "init_pt": 0.01,
        "trend_stage": 0.15,
        "min_stop": 0.01,
        "atr_mult": 3.5
    },
    "_META": {
        "last_optimized": "2026-04-12 16:49:40",
        "best_value": -41.26845,
        "status": "SIGNAL_BLOCKED"
    }
}