{
    "ticker": "sh601899",
    "category": "STOCK",
    "best_params": {
        "window": 116,
        "slope": 0.07251883766605921,
        "strength_alpha": 55,
        "confirm_n": 1,
        "atr_mult": 4.332608551548064,
        "model_th": 0.4206417232084776,
        "atr_stop": 1.898036465414806,
        "risk": 0.008529798758992693,
        "kelly": 0.18944540171435828,
        "max_stop": 0.0976587639983215,
        "predict_up": -0.027202961451716454,
        "tp1": 1.0487392276960568,
        "tp2": 1.159512115940091,
        "init_pt": 0.030985244909599453,
        "slope_min": 0.001579351543462671
    },
    "intercept_stats": {
        "ticker": "sh601899",
        "status": "HEALTHY",
        "success_count": 16,
        "total_scans": 13,
        "intercept_report": {
            "model_confidence": 40,
            "slope_filter": 48,
            "predict_up_filter": 0,
            "zero_strength_ghost": 0,
            "other_error": 0
        },
        "current_config": {
            "window": 116,
            "slope": 0.07251883766605921,
            "strength_alpha": 55,
            "confirm_n": 1,
            "atr_mult": 4.332608551548064,
            "model_th": 0.4206417232084776,
            "atr_stop": 1.898036465414806,
            "risk": 0.008529798758992693,
            "kelly": 0.18944540171435828,
            "max_stop": 0.0976587639983215,
            "predict_up": -0.027202961451716454,
            "tp1": 1.0487392276960568,
            "tp2": 1.159512115940091,
            "init_pt": 0.030985244909599453,
            "slope_min": 0.001579351543462671
        },
        "slope_stats": {
            "max_ref": 0.15422528390577586,
            "avg_ref": 0.10510727462044729,
            "all_positive_slopes": [
                0.05069311869064651,
                0.01999459044003124,
                0.0269078525579902,
                0.05461740327928535,
                0.0763130272957686,
                0.09720705385037638,
                0.10926084668187207,
                0.11781394946338945,
                0.1275915288355282,
                0.1362228599397098,
                0.1453769804958013,
                0.1507080805623441,
                0.15222226818415543,
                0.14879012654224474,
                0.14751820789788062,
                0.14079746052239372,
                0.13082131044917733,
                0.12389888255832533,
                0.1130986582337507,
                0.09989485895749886,
                0.08682485558633614,
                0.09265271237928982,
                0.09571507956636505,
                0.09427296580967344,
                0.09285142709891087,
                0.043581988827067236,
                0.006313735042082685,
                0.04469436824942748,
                0.09307466126022454,
                0.09559563655540446,
                0.10302158253336151,
                0.10917842025063837,
                0.11386723810590665,
                0.12066215879217737,
                0.1258181817187042,
                0.12871752018990412,
                0.13108055743966976,
                0.14572123025851433,
                0.15506742667400106,
                0.1556726991934732,
                0.15444784120817814,
                0.10707820975612334,
                0.05395324674563
            ]
        },
        "success_rate": "123.1%"
    },
    "search_space": {
        "strength_alpha": {
            "low": 10,
            "high": 80
        },
        "confirm_n": {
            "low": 1,
            "high": 1
        },
        "atr_mult": {
            "low": 2.5,
            "high": 4.5
        },
        "model_th": {
            "low": 0.4,
            "high": 0.55
        },
        "atr_stop": {
            "low": 1.0,
            "high": 3.0
        },
        "risk": {
            "low": 0.005,
            "high": 0.01
        },
        "kelly": {
            "low": 0.15,
            "high": 0.3
        },
        "slope": {
            "low": 0.001,
            "high": 0.005
        },
        "max_stop": {
            "low": 0.08,
            "high": 0.15
        },
        "predict_up": {
            "low": -0.05,
            "high": 0.01
        },
        "tp1": {
            "low": 1.02,
            "high": 1.06
        },
        "tp2": {
            "low": 1.1,
            "high": 1.25
        },
        "init_pt": {
            "low": 0.01,
            "high": 0.05
        },
        "slope_min": {
            "low": 0.0,
            "high": 0.005
        }
    },
    "initial_trial": {
        "strength_alpha": 80,
        "confirm_n": 1,
        "model_th": 0.4,
        "atr_stop": 1.0,
        "risk": 0.008,
        "kelly": 0.2,
        "slope": 0.001,
        "max_stop": 0.12,
        "predict_up": -0.05,
        "tp1": 1.05,
        "tp2": 1.2,
        "init_pt": 0.01,
        "trend_stage": 0.15,
        "min_stop": 0.01,
        "atr_mult": 3.5,
        "slope_min": 0.0001
    },
    "_META": {
        "last_optimized": "2026-04-27 09:26:12",
        "best_value": 83.27106,
        "status": "ACTIVE"
    }
}