{
    "ticker": "sh600879",
    "category": "STOCK",
    "best_params": {
        "window": 96,
        "slope": 0.0007389107087546129,
        "strength_alpha": 49,
        "confirm_n": 1,
        "atr_mult": 3.745721429861121,
        "model_th": 0.4909892555283346,
        "atr_stop": 4.269974039470569,
        "risk": 0.007883752350141222,
        "kelly": 0.15814515644829857,
        "max_stop": 0.1496412873450061,
        "predict_up": -0.03026898099952541,
        "tp1": 1.052858825536454,
        "tp2": 1.1991340463240223,
        "init_pt": 0.02854414383727573,
        "slope_min": 7.298792220303708e-05
    },
    "intercept_stats": {
        "ticker": "sh600879",
        "status": "HEALTHY",
        "success_count": 6,
        "total_scans": 13,
        "intercept_report": {
            "model_confidence": 66,
            "slope_filter": 32,
            "predict_up_filter": 0,
            "zero_strength_ghost": 0,
            "other_error": 0
        },
        "current_config": {
            "window": 96,
            "slope": 0.0007389107087546129,
            "strength_alpha": 49,
            "confirm_n": 1,
            "atr_mult": 3.745721429861121,
            "model_th": 0.4909892555283346,
            "atr_stop": 4.269974039470569,
            "risk": 0.007883752350141222,
            "kelly": 0.15814515644829857,
            "max_stop": 0.1496412873450061,
            "predict_up": -0.03026898099952541,
            "tp1": 1.052858825536454,
            "tp2": 1.1991340463240223,
            "init_pt": 0.02854414383727573,
            "slope_min": 7.298792220303708e-05
        },
        "slope_stats": {
            "max_ref": 0.1607945196837857,
            "avg_ref": 0.11864124588747045,
            "all_positive_slopes": [
                0.023378619248374623,
                0.08592024961282113,
                0.11174923683613475,
                0.12706717476519952,
                0.13896112393255433,
                0.13793507582030184,
                0.14575355355898356,
                0.15122089553414045,
                0.15438515548834736,
                0.15619443486455623,
                0.15967131513426855,
                0.16105266486339834,
                0.15963971385460313,
                0.15352354099970963,
                0.15085852603364977,
                0.14396733619693097,
                0.13333779127086515,
                0.11989776678998113,
                0.10414747723014357,
                0.08489145284430252,
                0.06726152381980825,
                0.05262438943445899,
                0.023352794519980912,
                0.008512527695247173,
                0.05185238564030981,
                0.08194826084008965,
                0.09174655642892919,
                0.11181142601672525,
                0.12541292730744985,
                0.1353752423686102,
                0.14098671140261204,
                0.15038366298148984,
                0.156059641508884,
                0.1595071265107246,
                0.16065551843322504,
                0.16015328166213813,
                0.15972109023577458,
                0.15698719445875323,
                0.15289931106335622,
                0.14668901453356067,
                0.13966755441088938,
                0.13378222728599398,
                0.12191860136501392,
                0.10760116122947994,
                0.08186033142396051,
                0.03860061790056323,
                0.0011353940555897247,
                0.04097614824488589,
                0.09250376284230066,
                0.12848968626044527,
                0.14013789600200716,
                0.1552130070639417,
                0.16149719611945343,
                0.16575000197748507
            ]
        },
        "success_rate": "46.2%"
    },
    "search_space": {
        "strength_alpha": {
            "low": 10,
            "high": 80
        },
        "confirm_n": {
            "low": 1,
            "high": 1
        },
        "atr_mult": {
            "low": 2.5,
            "high": 4.5
        },
        "model_th": {
            "low": 0.4,
            "high": 0.55
        },
        "atr_stop": {
            "low": 3.5,
            "high": 4.5
        },
        "risk": {
            "low": 0.005,
            "high": 0.01
        },
        "kelly": {
            "low": 0.15,
            "high": 0.3
        },
        "slope": {
            "low": 0.006,
            "high": 0.02
        },
        "max_stop": {
            "low": 0.08,
            "high": 0.15
        },
        "predict_up": {
            "low": -0.05,
            "high": 0.01
        },
        "tp1": {
            "low": 1.02,
            "high": 1.06
        },
        "tp2": {
            "low": 1.1,
            "high": 1.25
        },
        "init_pt": {
            "low": 0.01,
            "high": 0.05
        },
        "slope_min": {
            "low": 0.0,
            "high": 0.005
        }
    },
    "initial_trial": {
        "strength_alpha": 80,
        "confirm_n": 1,
        "model_th": 0.4,
        "atr_stop": 4.0,
        "risk": 0.008,
        "kelly": 0.2,
        "slope": 0.012,
        "max_stop": 0.12,
        "predict_up": -0.05,
        "tp1": 1.05,
        "tp2": 1.2,
        "init_pt": 0.01,
        "trend_stage": 0.15,
        "min_stop": 0.01,
        "atr_mult": 3.5,
        "slope_min": 0.0001
    },
    "_META": {
        "last_optimized": "2026-05-01 00:54:12",
        "best_value": 98.81034,
        "status": "ACTIVE"
    }
}