{
    "ticker": "sh600584",
    "category": "STOCK",
    "best_params": {
        "window": 132,
        "slope": 0.10698445025864473,
        "strength_alpha": 43,
        "confirm_n": 1,
        "atr_mult": 3.8001612799159514,
        "model_th": 0.4981963546129347,
        "atr_stop": 4.0592554501309435,
        "risk": 0.008271193703032122,
        "kelly": 0.17337314600449769,
        "max_stop": 0.10427469073446699,
        "predict_up": -0.014729899397291054,
        "tp1": 1.0545164804037082,
        "tp2": 1.2182507492321175,
        "init_pt": 0.04099169194727175,
        "slope_min": 0.0017770475053832215
    },
    "intercept_stats": {
        "ticker": "sh600584",
        "status": "HEALTHY",
        "success_count": 19,
        "total_scans": 13,
        "intercept_report": {
            "model_confidence": 51,
            "slope_filter": 34,
            "predict_up_filter": 0,
            "zero_strength_ghost": 0,
            "other_error": 0
        },
        "current_config": {
            "window": 132,
            "slope": 0.10698445025864473,
            "strength_alpha": 43,
            "confirm_n": 1,
            "atr_mult": 3.8001612799159514,
            "model_th": 0.4981963546129347,
            "atr_stop": 4.0592554501309435,
            "risk": 0.008271193703032122,
            "kelly": 0.17337314600449769,
            "max_stop": 0.10427469073446699,
            "predict_up": -0.014729899397291054,
            "tp1": 1.0545164804037082,
            "tp2": 1.2182507492321175,
            "init_pt": 0.04099169194727175,
            "slope_min": 0.0017770475053832215
        },
        "slope_stats": {
            "max_ref": 0.16212958560960397,
            "avg_ref": 0.11172227194567715,
            "all_positive_slopes": [
                0.11753348148341891,
                0.1214015315060724,
                0.13094586427760346,
                0.13888290211411908,
                0.14514684906281333,
                0.15082062141709762,
                0.15617490662942168,
                0.1596977005277408,
                0.16209950959059105,
                0.1645338356934749,
                0.16558135237532837,
                0.16416357837834816,
                0.16270102997084973,
                0.1599738649620131,
                0.15554714064413613,
                0.14959810906163015,
                0.14955440697576644,
                0.14889502012941289,
                0.1489320449106485,
                0.15248060472823383,
                0.14969371629484152,
                0.148020493253079,
                0.14333268010283234,
                0.1392165271334905,
                0.13871947512469424,
                0.13485016160770388,
                0.1277880522612414,
                0.11789064913439835,
                0.10888828266543701,
                0.09933581486424169,
                0.08928179434724648,
                0.07195916432641049,
                0.07398125586017648,
                0.0735835334759666,
                0.06899447780223014,
                0.07270843914145905,
                0.09761154007421852,
                0.11303799131494166,
                0.12524727238747907,
                0.13233551588431447,
                0.13298481644543073,
                0.13761442588159983,
                0.13549573688055305,
                0.1365411575762931,
                0.13363881240647157,
                0.12769921442207408,
                0.11085275703983145,
                0.0859565610682048,
                0.05684767739807369,
                0.01636869403173963,
                0.02308873212921832,
                0.04011468392582098,
                0.08271023457529285,
                0.11194591713982034,
                0.13545428165836465,
                0.14151087552738542,
                0.14520726086417046,
                0.14501017363719854,
                0.13833373275910524,
                0.1387893228021731,
                0.13868332189365043,
                0.10768246378850652,
                0.05831079592564549,
                0.02651870649877439,
                0.026172185416307017,
                0.06787018995213019,
                0.10133688243468503,
                0.11392783440838454,
                0.1223121025588671,
                0.1281626286185912,
                0.1222655729631553,
                0.10653010553388921,
                0.0935174293948089,
                0.07502235078592047,
                0.05282563796980597,
                0.04940689475247208,
                0.04072494760350437,
                0.04495996689658748,
                0.03672092543701345,
                0.017524553157525862
            ]
        },
        "success_rate": "146.2%"
    },
    "search_space": {
        "strength_alpha": {
            "low": 10,
            "high": 80
        },
        "confirm_n": {
            "low": 1,
            "high": 1
        },
        "atr_mult": {
            "low": 2.5,
            "high": 4.5
        },
        "model_th": {
            "low": 0.4,
            "high": 0.55
        },
        "atr_stop": {
            "low": 3.5,
            "high": 4.5
        },
        "risk": {
            "low": 0.005,
            "high": 0.01
        },
        "kelly": {
            "low": 0.15,
            "high": 0.3
        },
        "slope": {
            "low": 0.006,
            "high": 0.02
        },
        "max_stop": {
            "low": 0.08,
            "high": 0.15
        },
        "predict_up": {
            "low": -0.05,
            "high": 0.01
        },
        "tp1": {
            "low": 1.02,
            "high": 1.06
        },
        "tp2": {
            "low": 1.1,
            "high": 1.25
        },
        "init_pt": {
            "low": 0.01,
            "high": 0.05
        },
        "slope_min": {
            "low": 0.0,
            "high": 0.005
        }
    },
    "initial_trial": {
        "strength_alpha": 80,
        "confirm_n": 1,
        "model_th": 0.4,
        "atr_stop": 4.0,
        "risk": 0.008,
        "kelly": 0.2,
        "slope": 0.012,
        "max_stop": 0.12,
        "predict_up": -0.05,
        "tp1": 1.05,
        "tp2": 1.2,
        "init_pt": 0.01,
        "trend_stage": 0.15,
        "min_stop": 0.01,
        "atr_mult": 3.5,
        "slope_min": 0.0001
    },
    "_META": {
        "last_optimized": "2026-04-25 22:30:38",
        "best_value": -1.08022,
        "status": "ACTIVE"
    }
}