{
    "ticker": "sh600498",
    "category": "STOCK",
    "best_params": {
        "window": 96,
        "slope": 0.11083829894362575,
        "strength_alpha": 72,
        "confirm_n": 1,
        "atr_mult": 3.289311290384167,
        "model_th": 0.5372905493902544,
        "atr_stop": 3.8752116208191656,
        "risk": 0.00867692774224627,
        "kelly": 0.26740141017108937,
        "max_stop": 0.11616924863857961,
        "predict_up": -0.03729136631209706,
        "tp1": 1.0393751172624697,
        "tp2": 1.1861444787415178,
        "init_pt": 0.020134152401795193,
        "slope_min": 0.0012822251811700977
    },
    "intercept_stats": {
        "ticker": "sh600498",
        "status": "HEALTHY",
        "success_count": 7,
        "total_scans": 13,
        "intercept_report": {
            "model_confidence": 77,
            "slope_filter": 20,
            "predict_up_filter": 0,
            "zero_strength_ghost": 0,
            "other_error": 0
        },
        "current_config": {
            "window": 96,
            "slope": 0.11083829894362575,
            "strength_alpha": 72,
            "confirm_n": 1,
            "atr_mult": 3.289311290384167,
            "model_th": 0.5372905493902544,
            "atr_stop": 3.8752116208191656,
            "risk": 0.00867692774224627,
            "kelly": 0.26740141017108937,
            "max_stop": 0.11616924863857961,
            "predict_up": -0.03729136631209706,
            "tp1": 1.0393751172624697,
            "tp2": 1.1861444787415178,
            "init_pt": 0.020134152401795193,
            "slope_min": 0.0012822251811700977
        },
        "slope_stats": {
            "max_ref": 0.1572369274696905,
            "avg_ref": 0.120950051464765,
            "all_positive_slopes": [
                0.16191658580554477,
                0.1574710785740898,
                0.14896728769188147,
                0.14004150813608376,
                0.13029548410396674,
                0.12291773921972904,
                0.11616786423697702,
                0.10015348135741006,
                0.04140979265482779,
                0.02335833028012667,
                0.0016502597828516369,
                0.0404900079275664,
                0.0875253825199823,
                0.10852788304514846,
                0.12709913748557577,
                0.1363876966245371,
                0.14331507466574994,
                0.1461240506541896,
                0.1509343260829211,
                0.15653447415649263,
                0.1581708587411155,
                0.15598372938780727,
                0.15309906383949368,
                0.15073085300548103,
                0.1464764726884458,
                0.1454900076646592,
                0.14152306471071185,
                0.1360279164964139,
                0.12885451913143933,
                0.12906625324782192,
                0.12899183911528034,
                0.1288641248752861,
                0.12994196803046268,
                0.141339069478777,
                0.14599777740533673,
                0.15002795650230466,
                0.15278876725300833,
                0.1455767914978936,
                0.14106196864222095,
                0.13758560169584289,
                0.12481830210712648,
                0.1088808060166864,
                0.09671396685445498,
                0.08033564924430957,
                0.059504566030008164,
                0.004563028711148824
            ]
        },
        "success_rate": "53.8%"
    },
    "search_space": {
        "strength_alpha": {
            "low": 10,
            "high": 80
        },
        "confirm_n": {
            "low": 1,
            "high": 1
        },
        "atr_mult": {
            "low": 2.5,
            "high": 4.5
        },
        "model_th": {
            "low": 0.4,
            "high": 0.55
        },
        "atr_stop": {
            "low": 3.5,
            "high": 4.5
        },
        "risk": {
            "low": 0.005,
            "high": 0.01
        },
        "kelly": {
            "low": 0.15,
            "high": 0.3
        },
        "slope": {
            "low": 0.006,
            "high": 0.02
        },
        "max_stop": {
            "low": 0.08,
            "high": 0.15
        },
        "predict_up": {
            "low": -0.05,
            "high": 0.01
        },
        "tp1": {
            "low": 1.02,
            "high": 1.06
        },
        "tp2": {
            "low": 1.1,
            "high": 1.25
        },
        "init_pt": {
            "low": 0.01,
            "high": 0.05
        },
        "slope_min": {
            "low": 0.0,
            "high": 0.005
        }
    },
    "initial_trial": {
        "strength_alpha": 80,
        "confirm_n": 1,
        "model_th": 0.4,
        "atr_stop": 4.0,
        "risk": 0.008,
        "kelly": 0.2,
        "slope": 0.012,
        "max_stop": 0.12,
        "predict_up": -0.05,
        "tp1": 1.05,
        "tp2": 1.2,
        "init_pt": 0.01,
        "trend_stage": 0.15,
        "min_stop": 0.01,
        "atr_mult": 3.5,
        "slope_min": 0.0001
    },
    "_META": {
        "last_optimized": "2026-04-27 08:18:31",
        "best_value": 67.08091,
        "status": "ACTIVE"
    }
}