{
    "ticker": "sh600887",
    "category": "STOCK",
    "best_params": {
        "window": 60,
        "slope": 0.06616866778952188,
        "strength_alpha": 41,
        "confirm_n": 1,
        "atr_mult": 3.058710229826383,
        "model_th": 0.4850318733603353,
        "atr_stop": 3.634580133981278,
        "risk": 0.00545201954421012,
        "kelly": 0.2566615670163474,
        "max_stop": 0.12540828352039185,
        "predict_up": -0.0072086994483436355,
        "tp1": 1.0317640827639767,
        "tp2": 1.1263682610187022,
        "init_pt": 0.01781341031727165
    },
    "intercept_stats": {
        "ticker": "sh600887",
        "status": "HEALTHY",
        "success_count": 19,
        "total_scans": 13,
        "intercept_report": {
            "model_confidence": 47,
            "slope_filter": 38,
            "predict_up_filter": 0,
            "zero_strength_ghost": 0,
            "other_error": 0
        },
        "current_config": {
            "window": 60,
            "slope": 0.06616866778952188,
            "strength_alpha": 41,
            "confirm_n": 1,
            "atr_mult": 3.058710229826383,
            "model_th": 0.4850318733603353,
            "atr_stop": 3.634580133981278,
            "risk": 0.00545201954421012,
            "kelly": 0.2566615670163474,
            "max_stop": 0.12540828352039185,
            "predict_up": -0.0072086994483436355,
            "tp1": 1.0317640827639767,
            "tp2": 1.1263682610187022,
            "init_pt": 0.01781341031727165
        },
        "slope_stats": {
            "max_ref": 0.16194247050156363,
            "avg_ref": 0.10339664098148915,
            "all_positive_slopes": [
                0.015201988703492179,
                0.045531590630654914,
                0.10481979001311334,
                0.11996756515496167,
                0.1295007125732765,
                0.13300749806902204,
                0.13827835709395703,
                0.10346472880623471,
                0.06485164758533982,
                0.026963376128351143,
                0.018016198603847473,
                0.05733515704307746,
                0.06431249151127606,
                0.06785607586090966,
                0.05173339331216594,
                0.07117101671967313,
                0.07407653373021761,
                0.08389121762076739,
                0.09856207396302304,
                0.11358066479307138,
                0.12438741826003519,
                0.1331290842811763,
                0.14312590718476467,
                0.14965787900428837,
                0.15419734864020573,
                0.15734774590283007,
                0.1514709397062536,
                0.15386544514846412,
                0.15639218900365062,
                0.15845330281018524,
                0.16310552639868978,
                0.1649878343257435,
                0.1649354955234659,
                0.1633495116869075,
                0.1567437204255852,
                0.1505833204703104,
                0.14374653897356343,
                0.13548252919772716,
                0.1290698131377587,
                0.11979032094775015,
                0.10830221916585064,
                0.09489731058723488,
                0.08733039745207721,
                0.07233313420255368,
                0.05554001830072462,
                0.026801144214131975,
                0.06974586676327854,
                0.09249125695144171,
                0.0991902425160548,
                0.10043718647118985,
                0.11041663919142493,
                0.10194970312542365,
                0.11022277105851497,
                0.10829292486648084,
                0.10102471088206137,
                0.08980405685396144,
                0.0681970374159859,
                0.036668857035095,
                0.05633719430831966,
                0.0638211566043549,
                0.05996109064380832,
                0.06417944285711803,
                0.09850333387503837,
                0.11464684126157985,
                0.13222344848137327,
                0.144916370747418
            ]
        },
        "success_rate": "146.2%"
    },
    "search_space": {
        "strength_alpha": {
            "low": 10,
            "high": 80
        },
        "confirm_n": {
            "low": 1,
            "high": 1
        },
        "atr_mult": {
            "low": 2.5,
            "high": 4.5
        },
        "model_th": {
            "low": 0.4,
            "high": 0.55
        },
        "atr_stop": {
            "low": 3.5,
            "high": 4.5
        },
        "risk": {
            "low": 0.005,
            "high": 0.01
        },
        "kelly": {
            "low": 0.15,
            "high": 0.3
        },
        "slope": {
            "low": 0.006,
            "high": 0.02
        },
        "max_stop": {
            "low": 0.08,
            "high": 0.15
        },
        "predict_up": {
            "low": -0.05,
            "high": 0.01
        },
        "tp1": {
            "low": 1.02,
            "high": 1.06
        },
        "tp2": {
            "low": 1.1,
            "high": 1.25
        },
        "init_pt": {
            "low": 0.01,
            "high": 0.05
        }
    },
    "initial_trial": {
        "strength_alpha": 80,
        "confirm_n": 1,
        "model_th": 0.4,
        "atr_stop": 4.0,
        "risk": 0.008,
        "kelly": 0.2,
        "slope": 0.012,
        "max_stop": 0.12,
        "predict_up": -0.05,
        "tp1": 1.05,
        "tp2": 1.2,
        "init_pt": 0.01,
        "trend_stage": 0.15,
        "min_stop": 0.01,
        "atr_mult": 3.5
    },
    "_META": {
        "last_optimized": "2026-05-12 00:43:48",
        "best_value": 48.55823,
        "status": "ACTIVE"
    }
}