{
    "ticker": "sz000559",
    "category": "STOCK",
    "best_params": {
        "window": 104,
        "slope": 0.05957800589697188,
        "strength_alpha": 44,
        "confirm_n": 1,
        "atr_mult": 4.1018007002434205,
        "model_th": 0.4267661965095769,
        "atr_stop": 3.5026094756084984,
        "risk": 0.008223031354568778,
        "kelly": 0.17989636890654567,
        "max_stop": 0.12010180198371673,
        "predict_up": -0.02802203609419239,
        "tp1": 1.05161924275686,
        "tp2": 1.2367351056558558,
        "init_pt": 0.01502849352207719
    },
    "intercept_stats": {
        "ticker": "sz000559",
        "status": "HEALTHY",
        "success_count": 16,
        "total_scans": 13,
        "intercept_report": {
            "model_confidence": 32,
            "slope_filter": 55,
            "predict_up_filter": 0,
            "zero_strength_ghost": 1,
            "other_error": 0
        },
        "current_config": {
            "window": 104,
            "slope": 0.05957800589697188,
            "strength_alpha": 44,
            "confirm_n": 1,
            "atr_mult": 4.1018007002434205,
            "model_th": 0.4267661965095769,
            "atr_stop": 3.5026094756084984,
            "risk": 0.008223031354568778,
            "kelly": 0.17989636890654567,
            "max_stop": 0.12010180198371673,
            "predict_up": -0.02802203609419239,
            "tp1": 1.05161924275686,
            "tp2": 1.2367351056558558,
            "init_pt": 0.01502849352207719
        },
        "slope_stats": {
            "max_ref": 0.15882116863314802,
            "avg_ref": 0.08763016325436009,
            "all_positive_slopes": [
                0.029872242296103194,
                0.015745446427046332,
                0.012142017148382497,
                0.04689867803268025,
                0.0807698724499383,
                0.10571179554414704,
                0.12025505677535255,
                0.13281518976306747,
                0.12946203139358975,
                0.1214155687564121,
                0.10199680339042697,
                0.07767912319505292,
                0.06209542365091673,
                0.034552916567759495,
                0.008530009595760337,
                0.007613376773180538,
                0.0543264293174289,
                0.024866545902115095,
                0.026679315701736237,
                0.043987373906972785,
                0.06473941865025554,
                0.09147880502911783,
                0.10872929682956708,
                0.12267516042578339,
                0.1379943809253663,
                0.15613475900489232,
                0.1584463163474456,
                0.16094533158546173,
                0.16315356852067425,
                0.16327167895679157,
                0.1581340105618216,
                0.15365297893040591,
                0.14853360523071193,
                0.14283322951162997,
                0.13649753341319887,
                0.12591430466509676,
                0.11372050491097323,
                0.10299270369035231,
                0.05994074261730922,
                0.019419458563404317,
                0.015800658088555585,
                0.0400410448668631,
                0.054755306818900555,
                0.07717080595105369,
                0.08981805220827756,
                0.10327974340322824,
                0.11356875993449879,
                0.11447722612322787,
                0.11061587202142219,
                0.11059368090916835,
                0.107635884543163,
                0.09085415343372949,
                0.06995691677946644,
                0.04752825756880545,
                0.0256352114717011,
                0.017034117004485413,
                0.06048691654444422,
                0.10667385612356378
            ]
        },
        "success_rate": "123.1%"
    },
    "search_space": {
        "strength_alpha": {
            "low": 10,
            "high": 80
        },
        "confirm_n": {
            "low": 1,
            "high": 1
        },
        "atr_mult": {
            "low": 2.5,
            "high": 4.5
        },
        "model_th": {
            "low": 0.4,
            "high": 0.55
        },
        "atr_stop": {
            "low": 3.5,
            "high": 4.5
        },
        "risk": {
            "low": 0.005,
            "high": 0.01
        },
        "kelly": {
            "low": 0.15,
            "high": 0.3
        },
        "slope": {
            "low": 0.006,
            "high": 0.02
        },
        "max_stop": {
            "low": 0.08,
            "high": 0.15
        },
        "predict_up": {
            "low": -0.05,
            "high": 0.01
        },
        "tp1": {
            "low": 1.02,
            "high": 1.06
        },
        "tp2": {
            "low": 1.1,
            "high": 1.25
        },
        "init_pt": {
            "low": 0.01,
            "high": 0.05
        }
    },
    "initial_trial": {
        "strength_alpha": 80,
        "confirm_n": 1,
        "model_th": 0.4,
        "atr_stop": 4.0,
        "risk": 0.008,
        "kelly": 0.2,
        "slope": 0.012,
        "max_stop": 0.12,
        "predict_up": -0.05,
        "tp1": 1.05,
        "tp2": 1.2,
        "init_pt": 0.01,
        "trend_stage": 0.15,
        "min_stop": 0.01,
        "atr_mult": 3.5
    },
    "_META": {
        "last_optimized": "2026-05-01 03:54:17",
        "best_value": 131.91521,
        "status": "ACTIVE"
    }
}