{
    "ticker": "sz000700",
    "category": "STOCK",
    "best_params": {
        "window": 92,
        "slope": 0.12995746771372757,
        "strength_alpha": 36,
        "confirm_n": 1,
        "atr_mult": 3.054964356197199,
        "model_th": 0.4954477068211892,
        "atr_stop": 4.30717636485345,
        "risk": 0.007115555140396924,
        "kelly": 0.2089444620219861,
        "max_stop": 0.1087432503844439,
        "predict_up": -0.042143061499696946,
        "tp1": 1.0409529275208014,
        "tp2": 1.2189231991723986,
        "init_pt": 0.04942307077835071
    },
    "intercept_stats": {
        "ticker": "sz000700",
        "status": "ANEMIC",
        "success_count": 0,
        "total_scans": 13,
        "intercept_report": {
            "model_confidence": 57,
            "slope_filter": 47,
            "predict_up_filter": 0,
            "zero_strength_ghost": 0,
            "other_error": 0
        },
        "current_config": {
            "window": 92,
            "slope": 0.12995746771372757,
            "strength_alpha": 36,
            "confirm_n": 1,
            "atr_mult": 3.054964356197199,
            "model_th": 0.4954477068211892,
            "atr_stop": 4.30717636485345,
            "risk": 0.007115555140396924,
            "kelly": 0.2089444620219861,
            "max_stop": 0.1087432503844439,
            "predict_up": -0.042143061499696946,
            "tp1": 1.0409529275208014,
            "tp2": 1.2189231991723986,
            "init_pt": 0.04942307077835071
        },
        "slope_stats": {
            "max_ref": 0.16641907452672275,
            "avg_ref": 0.1114920606692888,
            "all_positive_slopes": [
                0.02372073324533439,
                0.059297837119233386,
                0.06904575679163615,
                0.08024816130886214,
                0.08079843045694582,
                0.0907381921361954,
                0.08999228192082875,
                0.07504127683933703,
                0.06358644054552978,
                0.05017984787054819,
                0.04188643754468386,
                0.04041659256944586,
                0.0504848294267349,
                0.04959387408911496,
                0.04251647277104146,
                0.04132085982978788,
                0.0285455912460544,
                0.013499501621440401,
                0.06305751194095582,
                0.09754622515423193,
                0.12368814299677351,
                0.148948412880514,
                0.1543924479423962,
                0.15864173950339477,
                0.16008089993530994,
                0.15992695481073363,
                0.15928083098157902,
                0.15701095628595962,
                0.1536986202110409,
                0.15010607664847192,
                0.14994730549178764,
                0.14920630308006058,
                0.14812743928417832,
                0.14495776885306558,
                0.14405815100637268,
                0.1431893823463319,
                0.1409121516261605,
                0.13979049197588042,
                0.14521303273747427,
                0.15048992168338052,
                0.15503953830102196,
                0.16024022729949033,
                0.16292396489327501,
                0.16468055410940044,
                0.16600734696712124,
                0.1672522584338423,
                0.1680411236963066,
                0.16783501001474316,
                0.1664917323313583,
                0.16449147734553946,
                0.16121209581496396,
                0.1574720824002645,
                0.1537885100698545,
                0.15042005048914028,
                0.14390103804001686,
                0.132040000587341,
                0.11739023770821556,
                0.10121713188104907,
                0.07133159287591258,
                0.021257599011669574,
                0.022588474061949203,
                0.0351878759419563,
                0.040824978075497856,
                0.05067309777574451
            ]
        },
        "success_rate": "0.0%"
    },
    "search_space": {
        "strength_alpha": {
            "low": 10,
            "high": 80
        },
        "confirm_n": {
            "low": 1,
            "high": 1
        },
        "atr_mult": {
            "low": 2.5,
            "high": 4.5
        },
        "model_th": {
            "low": 0.4,
            "high": 0.55
        },
        "atr_stop": {
            "low": 3.5,
            "high": 4.5
        },
        "risk": {
            "low": 0.005,
            "high": 0.01
        },
        "kelly": {
            "low": 0.15,
            "high": 0.3
        },
        "slope": {
            "low": 0.006,
            "high": 0.02
        },
        "max_stop": {
            "low": 0.08,
            "high": 0.15
        },
        "predict_up": {
            "low": -0.05,
            "high": 0.01
        },
        "tp1": {
            "low": 1.02,
            "high": 1.06
        },
        "tp2": {
            "low": 1.1,
            "high": 1.25
        },
        "init_pt": {
            "low": 0.01,
            "high": 0.05
        }
    },
    "initial_trial": {
        "strength_alpha": 80,
        "confirm_n": 1,
        "model_th": 0.4,
        "atr_stop": 4.0,
        "risk": 0.008,
        "kelly": 0.2,
        "slope": 0.012,
        "max_stop": 0.12,
        "predict_up": -0.05,
        "tp1": 1.05,
        "tp2": 1.2,
        "init_pt": 0.01,
        "trend_stage": 0.15,
        "min_stop": 0.01,
        "atr_mult": 3.5
    },
    "_META": {
        "last_optimized": "2026-05-16 12:30:28",
        "best_value": -2.75116,
        "status": "SIGNAL_BLOCKED"
    }
}