{
    "ticker": "sz000559",
    "category": "STOCK",
    "best_params": {
        "window": 32,
        "slope": 0.14499528866318198,
        "strength_alpha": 28,
        "confirm_n": 1,
        "atr_mult": 2.5009072563991626,
        "model_th": 0.4949151791727973,
        "atr_stop": 3.7715814266262537,
        "risk": 0.008056469887897572,
        "kelly": 0.20680131823993003,
        "max_stop": 0.12232229740851018,
        "predict_up": 0.005806422873618197,
        "tp1": 1.050214029135661,
        "tp2": 1.1977225355314438,
        "init_pt": 0.02076156470234661
    },
    "intercept_stats": {
        "ticker": "sz000559",
        "status": "ANEMIC",
        "success_count": 0,
        "total_scans": 13,
        "intercept_report": {
            "model_confidence": 40,
            "slope_filter": 60,
            "predict_up_filter": 4,
            "zero_strength_ghost": 0,
            "other_error": 0
        },
        "current_config": {
            "window": 32,
            "slope": 0.14499528866318198,
            "strength_alpha": 28,
            "confirm_n": 1,
            "atr_mult": 2.5009072563991626,
            "model_th": 0.4949151791727973,
            "atr_stop": 3.7715814266262537,
            "risk": 0.008056469887897572,
            "kelly": 0.20680131823993003,
            "max_stop": 0.12232229740851018,
            "predict_up": 0.005806422873618197,
            "tp1": 1.050214029135661,
            "tp2": 1.1977225355314438,
            "init_pt": 0.02076156470234661
        },
        "slope_stats": {
            "max_ref": 0.15984911364993432,
            "avg_ref": 0.10966969973509103,
            "all_positive_slopes": [
                0.07717080595105369,
                0.08981805220827756,
                0.10327974340322824,
                0.11356875993449879,
                0.11447722612322787,
                0.11061587202142219,
                0.11059368090916835,
                0.107635884543163,
                0.09085415343372949,
                0.06995691677946644,
                0.04752825756880545,
                0.0256352114717011,
                0.017034117004485413,
                0.06048691654444422,
                0.10667385612356378,
                0.1271745873380358,
                0.13691520582302077,
                0.14218335163946202,
                0.14269380586811836,
                0.14380993579649867,
                0.14529517868484865,
                0.1478725139124681,
                0.15078109618851873,
                0.14926813942800374,
                0.15221416132962967,
                0.15410101847610289,
                0.15404489816018835,
                0.15932723348095051,
                0.1619733919301037,
                0.1616412445987024,
                0.16063193390341,
                0.15874941492098024,
                0.15353929095719573,
                0.15373893285598692,
                0.1537303977109817,
                0.15480424366517775,
                0.15377504545905463,
                0.15164577170852955,
                0.14758671511398208,
                0.13754670410307424,
                0.13082751760619174,
                0.11859929608919527,
                0.10615462959902583,
                0.0967695389198906,
                0.0777536665064787,
                0.072588161677888,
                0.06252336451134852,
                0.05063834343213211,
                0.02039090616425612,
                0.002461349142070062,
                0.01270064102076737,
                0.024221874984171585,
                0.03649112923314669
            ]
        },
        "success_rate": "0.0%"
    },
    "search_space": {
        "strength_alpha": {
            "low": 10,
            "high": 80
        },
        "confirm_n": {
            "low": 1,
            "high": 1
        },
        "atr_mult": {
            "low": 2.5,
            "high": 4.5
        },
        "model_th": {
            "low": 0.4,
            "high": 0.55
        },
        "atr_stop": {
            "low": 3.5,
            "high": 4.5
        },
        "risk": {
            "low": 0.005,
            "high": 0.01
        },
        "kelly": {
            "low": 0.15,
            "high": 0.3
        },
        "slope": {
            "low": 0.006,
            "high": 0.02
        },
        "max_stop": {
            "low": 0.08,
            "high": 0.15
        },
        "predict_up": {
            "low": -0.05,
            "high": 0.01
        },
        "tp1": {
            "low": 1.02,
            "high": 1.06
        },
        "tp2": {
            "low": 1.1,
            "high": 1.25
        },
        "init_pt": {
            "low": 0.01,
            "high": 0.05
        }
    },
    "initial_trial": {
        "strength_alpha": 80,
        "confirm_n": 1,
        "model_th": 0.4,
        "atr_stop": 4.0,
        "risk": 0.008,
        "kelly": 0.2,
        "slope": 0.012,
        "max_stop": 0.12,
        "predict_up": -0.05,
        "tp1": 1.05,
        "tp2": 1.2,
        "init_pt": 0.01,
        "trend_stage": 0.15,
        "min_stop": 0.01,
        "atr_mult": 3.5
    },
    "_META": {
        "last_optimized": "2026-05-16 13:19:17",
        "best_value": 20.42104,
        "status": "SIGNAL_BLOCKED"
    }
}