{
    "ticker": "sz000700",
    "category": "STOCK",
    "best_params": {
        "window": 24,
        "slope": 0.12475353705733597,
        "strength_alpha": 10,
        "confirm_n": 1,
        "atr_mult": 2.5287986978129156,
        "model_th": 0.4927044148681868,
        "atr_stop": 4.013957099785592,
        "risk": 0.005215693076268577,
        "kelly": 0.22147240395375295,
        "max_stop": 0.14939122006413524,
        "predict_up": -0.04471395394140686,
        "tp1": 1.0557322237760582,
        "tp2": 1.157984349249693,
        "init_pt": 0.04123685225836759
    },
    "intercept_stats": {
        "ticker": "sz000700",
        "status": "HEALTHY",
        "success_count": 5,
        "total_scans": 13,
        "intercept_report": {
            "model_confidence": 51,
            "slope_filter": 48,
            "predict_up_filter": 0,
            "zero_strength_ghost": 0,
            "other_error": 0
        },
        "current_config": {
            "window": 24,
            "slope": 0.12475353705733597,
            "strength_alpha": 10,
            "confirm_n": 1,
            "atr_mult": 2.5287986978129156,
            "model_th": 0.4927044148681868,
            "atr_stop": 4.013957099785592,
            "risk": 0.005215693076268577,
            "kelly": 0.22147240395375295,
            "max_stop": 0.14939122006413524,
            "predict_up": -0.04471395394140686,
            "tp1": 1.0557322237760582,
            "tp2": 1.157984349249693,
            "init_pt": 0.04123685225836759
        },
        "slope_stats": {
            "max_ref": 0.15361094778241297,
            "avg_ref": 0.08551821715706122,
            "all_positive_slopes": [
                0.0321234806044087,
                0.058808241357878065,
                0.08575497409780955,
                0.10482707893320245,
                0.12188528759488368,
                0.13861655157825697,
                0.14656657411217858,
                0.1504849471424801,
                0.146333660184597,
                0.14137130029028175,
                0.12985503438273083,
                0.10992655342659569,
                0.11128540300792551,
                0.11041565227679133,
                0.11022144353542264,
                0.10961134006706563,
                0.10764553185439792,
                0.11484689369296718,
                0.126400873081942,
                0.13571912606240882,
                0.11538064671844273,
                0.09097268245625975,
                0.06610895815482054,
                0.044348264332130974,
                0.03305953511136672,
                0.023476343173824462,
                0.006909872322003039,
                0.0004415113498421001,
                0.0004899866080407961,
                0.026710973259876387,
                0.07362894502612091,
                0.10369371105444397,
                0.12281028277660389,
                0.13398805237019915,
                0.14512097322986608,
                0.1074566846990281,
                0.07206811966845168,
                0.03887355654381191,
                0.0032496165725575646,
                0.02372073324533439,
                0.059297837119233386,
                0.06904575679163615,
                0.08024816130886214,
                0.08079843045694582,
                0.0907381921361954,
                0.08999228192082875,
                0.07504127683933703,
                0.06358644054552978,
                0.05017984787054819,
                0.04188643754468386,
                0.04041659256944586,
                0.0504848294267349,
                0.04959387408911496,
                0.04251647277104146,
                0.04132085982978788,
                0.0285455912460544,
                0.013499501621440401,
                0.06305751194095582,
                0.09754622515423193,
                0.12368814299677351,
                0.148948412880514,
                0.1543924479423962,
                0.15864173950339477,
                0.16008089993530994,
                0.15992695481073363
            ]
        },
        "success_rate": "38.5%"
    },
    "search_space": {
        "strength_alpha": {
            "low": 10,
            "high": 80
        },
        "confirm_n": {
            "low": 1,
            "high": 1
        },
        "atr_mult": {
            "low": 2.5,
            "high": 4.5
        },
        "model_th": {
            "low": 0.4,
            "high": 0.55
        },
        "atr_stop": {
            "low": 3.5,
            "high": 4.5
        },
        "risk": {
            "low": 0.005,
            "high": 0.01
        },
        "kelly": {
            "low": 0.15,
            "high": 0.3
        },
        "slope": {
            "low": 0.006,
            "high": 0.02
        },
        "max_stop": {
            "low": 0.08,
            "high": 0.15
        },
        "predict_up": {
            "low": -0.05,
            "high": 0.01
        },
        "tp1": {
            "low": 1.02,
            "high": 1.06
        },
        "tp2": {
            "low": 1.1,
            "high": 1.25
        },
        "init_pt": {
            "low": 0.01,
            "high": 0.05
        }
    },
    "initial_trial": {
        "strength_alpha": 80,
        "confirm_n": 1,
        "model_th": 0.4,
        "atr_stop": 4.0,
        "risk": 0.008,
        "kelly": 0.2,
        "slope": 0.012,
        "max_stop": 0.12,
        "predict_up": -0.05,
        "tp1": 1.05,
        "tp2": 1.2,
        "init_pt": 0.01,
        "trend_stage": 0.15,
        "min_stop": 0.01,
        "atr_mult": 3.5
    },
    "_META": {
        "last_optimized": "2026-05-01 02:46:48",
        "best_value": 65.23067,
        "status": "ACTIVE"
    }
}