{
    "ticker": "sz000700",
    "category": "STOCK",
    "best_params": {
        "window": 156,
        "slope": 0.026907395164851102,
        "strength_alpha": 72,
        "confirm_n": 1,
        "atr_mult": 2.998290316811233,
        "model_th": 0.4199036935860956,
        "atr_stop": 4.224873359928715,
        "risk": 0.006152500764524095,
        "kelly": 0.18796821022845112,
        "max_stop": 0.14892772732268536,
        "predict_up": -0.013817759610301454,
        "tp1": 1.0362832713552432,
        "tp2": 1.1510046160311598,
        "init_pt": 0.03184669926905321
    },
    "intercept_stats": {
        "ticker": "sz000700",
        "status": "HEALTHY",
        "success_count": 21,
        "total_scans": 13,
        "intercept_report": {
            "model_confidence": 52,
            "slope_filter": 31,
            "predict_up_filter": 0,
            "zero_strength_ghost": 0,
            "other_error": 0
        },
        "current_config": {
            "window": 156,
            "slope": 0.026907395164851102,
            "strength_alpha": 72,
            "confirm_n": 1,
            "atr_mult": 2.998290316811233,
            "model_th": 0.4199036935860956,
            "atr_stop": 4.224873359928715,
            "risk": 0.006152500764524095,
            "kelly": 0.18796821022845112,
            "max_stop": 0.14892772732268536,
            "predict_up": -0.013817759610301454,
            "tp1": 1.0362832713552432,
            "tp2": 1.1510046160311598,
            "init_pt": 0.03184669926905321
        },
        "slope_stats": {
            "max_ref": 0.16629797818566347,
            "avg_ref": 0.11190897343334426,
            "all_positive_slopes": [
                0.0004899866080407961,
                0.026710973259876387,
                0.07362894502612091,
                0.10369371105444397,
                0.12281028277660389,
                0.13398805237019915,
                0.14512097322986608,
                0.1074566846990281,
                0.07206811966845168,
                0.03887355654381191,
                0.0032496165725575646,
                0.02372073324533439,
                0.059297837119233386,
                0.06904575679163615,
                0.08024816130886214,
                0.08079843045694582,
                0.0907381921361954,
                0.08999228192082875,
                0.07504127683933703,
                0.06358644054552978,
                0.05017984787054819,
                0.04188643754468386,
                0.04041659256944586,
                0.0504848294267349,
                0.04959387408911496,
                0.04251647277104146,
                0.04132085982978788,
                0.0285455912460544,
                0.013499501621440401,
                0.06305751194095582,
                0.09754622515423193,
                0.12368814299677351,
                0.148948412880514,
                0.1543924479423962,
                0.15864173950339477,
                0.16008089993530994,
                0.15992695481073363,
                0.15928083098157902,
                0.15701095628595962,
                0.1536986202110409,
                0.15010607664847192,
                0.14994730549178764,
                0.14920630308006058,
                0.14812743928417832,
                0.14495776885306558,
                0.14405815100637268,
                0.1431893823463319,
                0.1409121516261605,
                0.13979049197588042,
                0.14521303273747427,
                0.15048992168338052,
                0.15503953830102196,
                0.16024022729949033,
                0.16292396489327501,
                0.16468055410940044,
                0.16600734696712124,
                0.1672522584338423,
                0.1680411236963066,
                0.16783501001474316,
                0.1664917323313583,
                0.16449147734553946,
                0.16121209581496396,
                0.1574720824002645,
                0.1537885100698545,
                0.15042005048914028,
                0.14390103804001686,
                0.132040000587341,
                0.11739023770821556,
                0.10121713188104907
            ]
        },
        "success_rate": "161.5%"
    },
    "search_space": {
        "strength_alpha": {
            "low": 10,
            "high": 80
        },
        "confirm_n": {
            "low": 1,
            "high": 1
        },
        "atr_mult": {
            "low": 2.5,
            "high": 4.5
        },
        "model_th": {
            "low": 0.4,
            "high": 0.55
        },
        "atr_stop": {
            "low": 3.5,
            "high": 4.5
        },
        "risk": {
            "low": 0.005,
            "high": 0.01
        },
        "kelly": {
            "low": 0.15,
            "high": 0.3
        },
        "slope": {
            "low": 0.006,
            "high": 0.02
        },
        "max_stop": {
            "low": 0.08,
            "high": 0.15
        },
        "predict_up": {
            "low": -0.05,
            "high": 0.01
        },
        "tp1": {
            "low": 1.02,
            "high": 1.06
        },
        "tp2": {
            "low": 1.1,
            "high": 1.25
        },
        "init_pt": {
            "low": 0.01,
            "high": 0.05
        }
    },
    "initial_trial": {
        "strength_alpha": 80,
        "confirm_n": 1,
        "model_th": 0.4,
        "atr_stop": 4.0,
        "risk": 0.008,
        "kelly": 0.2,
        "slope": 0.012,
        "max_stop": 0.12,
        "predict_up": -0.05,
        "tp1": 1.05,
        "tp2": 1.2,
        "init_pt": 0.01,
        "trend_stage": 0.15,
        "min_stop": 0.01,
        "atr_mult": 3.5
    },
    "_META": {
        "last_optimized": "2026-05-11 16:08:59",
        "best_value": 58.45476,
        "status": "ACTIVE"
    }
}