{
    "ticker": "sz002354",
    "category": "STOCK",
    "best_params": {
        "window": 76,
        "slope": 0.008563934651902111,
        "strength_alpha": 14,
        "confirm_n": 1,
        "atr_mult": 3.3069584462314743,
        "model_th": 0.4273224716853886,
        "atr_stop": 4.11191027552551,
        "risk": 0.008539402836300733,
        "kelly": 0.21626056212678918,
        "max_stop": 0.13367885956442604,
        "predict_up": -0.04341594950048043,
        "tp1": 1.0396848681423432,
        "tp2": 1.136919742979079,
        "init_pt": 0.032913183602857735
    },
    "intercept_stats": {
        "ticker": "sz002354",
        "status": "HEALTHY",
        "success_count": 19,
        "total_scans": 13,
        "intercept_report": {
            "model_confidence": 37,
            "slope_filter": 48,
            "predict_up_filter": 0,
            "zero_strength_ghost": 0,
            "other_error": 0
        },
        "current_config": {
            "window": 76,
            "slope": 0.008563934651902111,
            "strength_alpha": 14,
            "confirm_n": 1,
            "atr_mult": 3.3069584462314743,
            "model_th": 0.4273224716853886,
            "atr_stop": 4.11191027552551,
            "risk": 0.008539402836300733,
            "kelly": 0.21626056212678918,
            "max_stop": 0.13367885956442604,
            "predict_up": -0.04341594950048043,
            "tp1": 1.0396848681423432,
            "tp2": 1.136919742979079,
            "init_pt": 0.032913183602857735
        },
        "slope_stats": {
            "max_ref": 0.1558378426834657,
            "avg_ref": 0.09836122454515143,
            "all_positive_slopes": [
                0.030173957326014352,
                0.058886040284959716,
                0.05037003602895393,
                0.04308762118140031,
                0.023684187397237776,
                0.015264916938290397,
                0.03638221442772964,
                0.05427542913576541,
                0.08297954265761508,
                0.11041054568038396,
                0.12330566607022257,
                0.1363452351196214,
                0.1277557508295633,
                0.11561557811010473,
                0.10224581504973843,
                0.09631426606618355,
                0.10224581504973233,
                0.10818990447496529,
                0.10514959051797838,
                0.10307679625673132,
                0.10437566497724177,
                0.10836147020363453,
                0.10954066438851826,
                0.10753926680523075,
                0.10881107684419569,
                0.11573926639916784,
                0.12510027426357395,
                0.13111357588468434,
                0.09499636475917364,
                0.06723204933819828,
                0.04360403888423172,
                0.022044372035565356,
                0.03496511629997269,
                0.067351757335931,
                0.08869752151050314,
                0.10107645942103814,
                0.11216519509758928,
                0.11906670300935032,
                0.12537836368150196,
                0.13643011680959666,
                0.14501872746626548,
                0.15092291214029865,
                0.15598016658651817,
                0.1570566421391956,
                0.15705664213919648,
                0.15550575357634325,
                0.15208848302220834
            ]
        },
        "success_rate": "146.2%"
    },
    "search_space": {
        "strength_alpha": {
            "low": 10,
            "high": 80
        },
        "confirm_n": {
            "low": 1,
            "high": 1
        },
        "atr_mult": {
            "low": 2.5,
            "high": 4.5
        },
        "model_th": {
            "low": 0.4,
            "high": 0.55
        },
        "atr_stop": {
            "low": 3.5,
            "high": 4.5
        },
        "risk": {
            "low": 0.005,
            "high": 0.01
        },
        "kelly": {
            "low": 0.15,
            "high": 0.3
        },
        "slope": {
            "low": 0.006,
            "high": 0.02
        },
        "max_stop": {
            "low": 0.08,
            "high": 0.15
        },
        "predict_up": {
            "low": -0.05,
            "high": 0.01
        },
        "tp1": {
            "low": 1.02,
            "high": 1.06
        },
        "tp2": {
            "low": 1.1,
            "high": 1.25
        },
        "init_pt": {
            "low": 0.01,
            "high": 0.05
        }
    },
    "initial_trial": {
        "strength_alpha": 80,
        "confirm_n": 1,
        "model_th": 0.4,
        "atr_stop": 4.0,
        "risk": 0.008,
        "kelly": 0.2,
        "slope": 0.012,
        "max_stop": 0.12,
        "predict_up": -0.05,
        "tp1": 1.05,
        "tp2": 1.2,
        "init_pt": 0.01,
        "trend_stage": 0.15,
        "min_stop": 0.01,
        "atr_mult": 3.5
    },
    "_META": {
        "last_optimized": "2026-05-03 15:21:59",
        "best_value": -78.3709,
        "status": "ACTIVE"
    }
}