{
    "ticker": "sz000559",
    "category": "STOCK",
    "best_params": {
        "window": 44,
        "slope": 0.13067012485053234,
        "strength_alpha": 78,
        "confirm_n": 1,
        "atr_mult": 3.773157791200102,
        "model_th": 0.4393288942222531,
        "atr_stop": 4.1410684007027365,
        "risk": 0.008817268000535665,
        "kelly": 0.29965755992860277,
        "max_stop": 0.12364677344753394,
        "predict_up": -0.02935973577749196,
        "tp1": 1.020751268553638,
        "tp2": 1.1561591184913662,
        "init_pt": 0.04175285728729182
    },
    "intercept_stats": {
        "ticker": "sz000559",
        "status": "HEALTHY",
        "success_count": 9,
        "total_scans": 13,
        "intercept_report": {
            "model_confidence": 51,
            "slope_filter": 44,
            "predict_up_filter": 0,
            "zero_strength_ghost": 0,
            "other_error": 0
        },
        "current_config": {
            "window": 44,
            "slope": 0.13067012485053234,
            "strength_alpha": 78,
            "confirm_n": 1,
            "atr_mult": 3.773157791200102,
            "model_th": 0.4393288942222531,
            "atr_stop": 4.1410684007027365,
            "risk": 0.008817268000535665,
            "kelly": 0.29965755992860277,
            "max_stop": 0.12364677344753394,
            "predict_up": -0.02935973577749196,
            "tp1": 1.020751268553638,
            "tp2": 1.1561591184913662,
            "init_pt": 0.04175285728729182
        },
        "slope_stats": {
            "max_ref": 0.16125849244142004,
            "avg_ref": 0.11577862957967452,
            "all_positive_slopes": [
                0.026679315701736237,
                0.043987373906972785,
                0.06473941865025554,
                0.09147880502911783,
                0.10872929682956708,
                0.12267516042578339,
                0.1379943809253663,
                0.15613475900489232,
                0.1584463163474456,
                0.16094533158546173,
                0.16315356852067425,
                0.16327167895679157,
                0.1581340105618216,
                0.15365297893040591,
                0.14853360523071193,
                0.14283322951162997,
                0.13649753341319887,
                0.12591430466509676,
                0.11372050491097323,
                0.10299270369035231,
                0.05994074261730922,
                0.019419458563404317,
                0.015800658088555585,
                0.0400410448668631,
                0.054755306818900555,
                0.07717080595105369,
                0.08981805220827756,
                0.10327974340322824,
                0.11356875993449879,
                0.11447722612322787,
                0.11061587202142219,
                0.11059368090916835,
                0.107635884543163,
                0.09085415343372949,
                0.06995691677946644,
                0.04752825756880545,
                0.0256352114717011,
                0.017034117004485413,
                0.06048691654444422,
                0.10667385612356378,
                0.1271745873380358,
                0.13691520582302077,
                0.14218335163946202,
                0.14269380586811836,
                0.14380993579649867,
                0.14529517868484865,
                0.1478725139124681,
                0.15078109618851873,
                0.14926813942800374,
                0.15221416132962967,
                0.15410101847610289,
                0.15404489816018835,
                0.15932723348095051,
                0.1619733919301037,
                0.1616412445987024,
                0.16063193390341,
                0.15874941492098024,
                0.15353929095719573,
                0.15373893285598692,
                0.1537303977109817,
                0.15480424366517775,
                0.15377504545905463,
                0.15164577170852955,
                0.14758671511398208,
                0.13754670410307424,
                0.13082751760619174,
                0.11859929608919527,
                0.10615462959902583,
                0.0967695389198906,
                0.0777536665064787,
                0.072588161677888,
                0.06252336451134852
            ]
        },
        "success_rate": "69.2%"
    },
    "search_space": {
        "strength_alpha": {
            "low": 10,
            "high": 80
        },
        "confirm_n": {
            "low": 1,
            "high": 1
        },
        "atr_mult": {
            "low": 2.5,
            "high": 4.5
        },
        "model_th": {
            "low": 0.4,
            "high": 0.55
        },
        "atr_stop": {
            "low": 3.5,
            "high": 4.5
        },
        "risk": {
            "low": 0.005,
            "high": 0.01
        },
        "kelly": {
            "low": 0.15,
            "high": 0.3
        },
        "slope": {
            "low": 0.006,
            "high": 0.02
        },
        "max_stop": {
            "low": 0.08,
            "high": 0.15
        },
        "predict_up": {
            "low": -0.05,
            "high": 0.01
        },
        "tp1": {
            "low": 1.02,
            "high": 1.06
        },
        "tp2": {
            "low": 1.1,
            "high": 1.25
        },
        "init_pt": {
            "low": 0.01,
            "high": 0.05
        }
    },
    "initial_trial": {
        "strength_alpha": 80,
        "confirm_n": 1,
        "model_th": 0.4,
        "atr_stop": 4.0,
        "risk": 0.008,
        "kelly": 0.2,
        "slope": 0.012,
        "max_stop": 0.12,
        "predict_up": -0.05,
        "tp1": 1.05,
        "tp2": 1.2,
        "init_pt": 0.01,
        "trend_stage": 0.15,
        "min_stop": 0.01,
        "atr_mult": 3.5
    },
    "_META": {
        "last_optimized": "2026-05-11 16:57:11",
        "best_value": 23.40741,
        "status": "ACTIVE"
    }
}