{
    "ticker": "sz002463",
    "category": "STOCK",
    "best_params": {
        "window": 72,
        "slope": 0.13644962996183238,
        "strength_alpha": 10,
        "confirm_n": 1,
        "atr_mult": 3.8452548606105768,
        "model_th": 0.4413880210041673,
        "atr_stop": 3.8124328780360277,
        "risk": 0.00590495186622643,
        "kelly": 0.2979025921711453,
        "max_stop": 0.11745604026268594,
        "predict_up": -0.028843579186997457,
        "tp1": 1.0528744589308814,
        "tp2": 1.1190297165113503,
        "init_pt": 0.02198465928154533
    },
    "intercept_stats": {
        "ticker": "sz002463",
        "status": "HEALTHY",
        "success_count": 11,
        "total_scans": 13,
        "intercept_report": {
            "model_confidence": 47,
            "slope_filter": 46,
            "predict_up_filter": 0,
            "zero_strength_ghost": 0,
            "other_error": 0
        },
        "current_config": {
            "window": 72,
            "slope": 0.13644962996183238,
            "strength_alpha": 10,
            "confirm_n": 1,
            "atr_mult": 3.8452548606105768,
            "model_th": 0.4413880210041673,
            "atr_stop": 3.8124328780360277,
            "risk": 0.00590495186622643,
            "kelly": 0.2979025921711453,
            "max_stop": 0.11745604026268594,
            "predict_up": -0.028843579186997457,
            "tp1": 1.0528744589308814,
            "tp2": 1.1190297165113503,
            "init_pt": 0.02198465928154533
        },
        "slope_stats": {
            "max_ref": 0.1634413042127401,
            "avg_ref": 0.11030278481888939,
            "all_positive_slopes": [
                0.1198371532963299,
                0.12358861761988423,
                0.12766456481366847,
                0.1314719032168954,
                0.13668213920197161,
                0.14117962985062746,
                0.14544088895336427,
                0.1473813812075143,
                0.1453162369558087,
                0.13971122479559753,
                0.13084752046941248,
                0.11922998758528128,
                0.10822151625708427,
                0.09159320348572782,
                0.06943836885954176,
                0.040190472748374145,
                0.010510876886627838,
                0.047753954519128464,
                0.10803927873424442,
                0.1332542896006862,
                0.14613274034740534,
                0.15176932500118467,
                0.15669527328826136,
                0.1600251404052557,
                0.16286231518793545,
                0.16334649518620378,
                0.16194536868241943,
                0.15781275962612026,
                0.14771230604824648,
                0.13840205517366494,
                0.12952178483035864,
                0.1203728071054667,
                0.0971916727970077,
                0.08571254947020877,
                0.06535365016998272,
                0.06372725768529307,
                0.08000738841869455,
                0.081680844787727,
                0.09658149662871553,
                0.11047441424696328,
                0.11872672519950278,
                0.12122413765050771,
                0.1253973397147796,
                0.13154602368489024,
                0.1460329625914851,
                0.1593668219148483,
                0.16668050534157416,
                0.1632995815739051,
                0.16213200717469048,
                0.16355718191184007,
                0.16271646430277922,
                0.16383434659157858,
                0.1638574909477537,
                0.16287799635885516,
                0.1617968014332433,
                0.1493825175390607,
                0.13120814073553339,
                0.11290043837730696,
                0.07406825231146409,
                0.03546340569156218,
                0.005873825506957562,
                0.00023993184346870762,
                0.0231248463327879,
                0.02427370217017491,
                0.054316121270155754,
                0.039358779618313626,
                0.015449121979362794,
                0.042144967002129274,
                0.05105652805746791,
                0.06786238581017454,
                0.06097068737837869,
                0.0863796147986175
            ]
        },
        "success_rate": "84.6%"
    },
    "search_space": {
        "strength_alpha": {
            "low": 10,
            "high": 80
        },
        "confirm_n": {
            "low": 1,
            "high": 1
        },
        "atr_mult": {
            "low": 2.5,
            "high": 4.5
        },
        "model_th": {
            "low": 0.4,
            "high": 0.55
        },
        "atr_stop": {
            "low": 3.5,
            "high": 4.5
        },
        "risk": {
            "low": 0.005,
            "high": 0.01
        },
        "kelly": {
            "low": 0.15,
            "high": 0.3
        },
        "slope": {
            "low": 0.006,
            "high": 0.02
        },
        "max_stop": {
            "low": 0.08,
            "high": 0.15
        },
        "predict_up": {
            "low": -0.05,
            "high": 0.01
        },
        "tp1": {
            "low": 1.02,
            "high": 1.06
        },
        "tp2": {
            "low": 1.1,
            "high": 1.25
        },
        "init_pt": {
            "low": 0.01,
            "high": 0.05
        }
    },
    "initial_trial": {
        "strength_alpha": 80,
        "confirm_n": 1,
        "model_th": 0.4,
        "atr_stop": 4.0,
        "risk": 0.008,
        "kelly": 0.2,
        "slope": 0.012,
        "max_stop": 0.12,
        "predict_up": -0.05,
        "tp1": 1.05,
        "tp2": 1.2,
        "init_pt": 0.01,
        "trend_stage": 0.15,
        "min_stop": 0.01,
        "atr_mult": 3.5
    },
    "_META": {
        "last_optimized": "2026-04-30 23:24:15",
        "best_value": 39.21766,
        "status": "ACTIVE"
    }
}