{
    "ticker": "sz002463",
    "category": "STOCK",
    "best_params": {
        "window": 40,
        "slope": 0.00744333200249465,
        "strength_alpha": 24,
        "confirm_n": 1,
        "atr_mult": 3.022212937745481,
        "model_th": 0.4057568209450683,
        "atr_stop": 4.024882148491055,
        "risk": 0.005232457395153025,
        "kelly": 0.2581776757425921,
        "max_stop": 0.14253366565351355,
        "predict_up": -0.01799893236069737,
        "tp1": 1.0410987724663354,
        "tp2": 1.2123526936833728,
        "init_pt": 0.01596499537228767
    },
    "intercept_stats": {
        "ticker": "sz002463",
        "status": "HEALTHY",
        "success_count": 36,
        "total_scans": 13,
        "intercept_report": {
            "model_confidence": 32,
            "slope_filter": 36,
            "predict_up_filter": 0,
            "zero_strength_ghost": 0,
            "other_error": 0
        },
        "current_config": {
            "window": 40,
            "slope": 0.00744333200249465,
            "strength_alpha": 24,
            "confirm_n": 1,
            "atr_mult": 3.022212937745481,
            "model_th": 0.4057568209450683,
            "atr_stop": 4.024882148491055,
            "risk": 0.005232457395153025,
            "kelly": 0.2581776757425921,
            "max_stop": 0.14253366565351355,
            "predict_up": -0.01799893236069737,
            "tp1": 1.0410987724663354,
            "tp2": 1.2123526936833728,
            "init_pt": 0.01596499537228767
        },
        "slope_stats": {
            "max_ref": 0.15702009690045068,
            "avg_ref": 0.09631252966670156,
            "all_positive_slopes": [
                0.1493825175390607,
                0.13120814073553339,
                0.11290043837730696,
                0.07406825231146409,
                0.03546340569156218,
                0.005873825506957562,
                0.00023993184346870762,
                0.0231248463327879,
                0.02427370217017491,
                0.054316121270155754,
                0.039358779618313626,
                0.015449121979362794,
                0.042144967002129274,
                0.05105652805746791,
                0.06786238581017454,
                0.06097068737837869,
                0.0863796147986175,
                0.10674372846761421,
                0.11727023053249958,
                0.11956394708646303,
                0.12501834401482548,
                0.12444144907780176,
                0.1264249643392813,
                0.1335006154254581,
                0.13567484507749067,
                0.13410386312863473,
                0.13648041401753142,
                0.1385714127252313,
                0.13932483308203003,
                0.1460308182795373,
                0.1560300206982767,
                0.1570481708028931,
                0.15802478961602534,
                0.15758688473715593,
                0.15717144273294467,
                0.15676743177846908,
                0.15478593647094183,
                0.15623120577593358,
                0.15553546155321135,
                0.15539652310872856,
                0.15417786708435097,
                0.12932922890680365,
                0.11691356731555169,
                0.09691694856455413,
                0.07455971792925328,
                0.056123375771691124,
                0.04702440010585824,
                0.04281756270257096,
                0.04536953743279697,
                0.020403262376353745,
                0.06415297355476521,
                0.09242005253693196,
                0.09821894189084594,
                0.11164586864313729,
                0.12113300268906566,
                0.13045044034444683,
                0.11340028009255607,
                0.0907027564524136,
                0.08138183273058047,
                0.06367115722112664,
                0.047191329868743435,
                0.03228016886474338,
                0.015604496971160963
            ]
        },
        "success_rate": "276.9%"
    },
    "search_space": {
        "strength_alpha": {
            "low": 10,
            "high": 80
        },
        "confirm_n": {
            "low": 1,
            "high": 1
        },
        "atr_mult": {
            "low": 2.5,
            "high": 4.5
        },
        "model_th": {
            "low": 0.4,
            "high": 0.55
        },
        "atr_stop": {
            "low": 3.5,
            "high": 4.5
        },
        "risk": {
            "low": 0.005,
            "high": 0.01
        },
        "kelly": {
            "low": 0.15,
            "high": 0.3
        },
        "slope": {
            "low": 0.006,
            "high": 0.02
        },
        "max_stop": {
            "low": 0.08,
            "high": 0.15
        },
        "predict_up": {
            "low": -0.05,
            "high": 0.01
        },
        "tp1": {
            "low": 1.02,
            "high": 1.06
        },
        "tp2": {
            "low": 1.1,
            "high": 1.25
        },
        "init_pt": {
            "low": 0.01,
            "high": 0.05
        }
    },
    "initial_trial": {
        "strength_alpha": 80,
        "confirm_n": 1,
        "model_th": 0.4,
        "atr_stop": 4.0,
        "risk": 0.008,
        "kelly": 0.2,
        "slope": 0.012,
        "max_stop": 0.12,
        "predict_up": -0.05,
        "tp1": 1.05,
        "tp2": 1.2,
        "init_pt": 0.01,
        "trend_stage": 0.15,
        "min_stop": 0.01,
        "atr_mult": 3.5
    },
    "_META": {
        "last_optimized": "2026-05-16 11:17:57",
        "best_value": 20.34313,
        "status": "ACTIVE"
    }
}