{
    "ticker": "sz159908",
    "category": "ETF",
    "best_params": {
        "window": 136,
        "slope": 0.136909978483436,
        "model_th": 0.38999751834395513,
        "predict_up": 0.001013481328774195,
        "init_pt": 0.011414727452566702,
        "trend_pt": 0.024041782110155195,
        "tp1": 1.0302095394951978,
        "tp2": 1.0862856305470152,
        "kelly": 0.10196130035683933,
        "risk": 0.006871629711049206,
        "atr_stop": 2.021532217063202,
        "max_stop": 0.07793187322398046,
        "min_stop": 0.007059279744890456,
        "strength_alpha": 0.6173703490360077,
        "confirm_n": 1,
        "atr_mult": 3.8360296571413617,
        "slope_min": 0.00048218370748283497
    },
    "intercept_stats": {
        "ticker": "sz159908",
        "status": "ANEMIC",
        "success_count": 0,
        "total_scans": 13,
        "intercept_report": {
            "model_confidence": 53,
            "slope_filter": 46,
            "predict_up_filter": 5,
            "zero_strength_ghost": 0,
            "other_error": 0
        },
        "current_config": {
            "window": 136,
            "slope": 0.136909978483436,
            "model_th": 0.38999751834395513,
            "predict_up": 0.001013481328774195,
            "init_pt": 0.011414727452566702,
            "trend_pt": 0.024041782110155195,
            "tp1": 1.0302095394951978,
            "tp2": 1.0862856305470152,
            "kelly": 0.10196130035683933,
            "risk": 0.006871629711049206,
            "atr_stop": 2.021532217063202,
            "max_stop": 0.07793187322398046,
            "min_stop": 0.007059279744890456,
            "strength_alpha": 0.6173703490360077,
            "confirm_n": 1,
            "atr_mult": 3.8360296571413617,
            "slope_min": 0.00048218370748283497
        },
        "slope_stats": {
            "max_ref": 0.1514347130888679,
            "avg_ref": 0.11786995314632437,
            "all_positive_slopes": [
                0.06741649425875536,
                0.011373001785940319,
                8.169562889738645e-05,
                0.037674895570784864,
                0.06714378165266181,
                0.0980117644955692,
                0.11618444091025906,
                0.12942956455211382,
                0.14569057092628057,
                0.1469021849567499,
                0.14428043930346332,
                0.14248373423902844,
                0.1419119315506859,
                0.1407183166849254,
                0.1411889723751421,
                0.14155117715812768,
                0.14176108561223402,
                0.1414741386900783,
                0.14095163715730244,
                0.14149938781765328,
                0.14390856374764585,
                0.1437263028424231,
                0.1403015969918085,
                0.1400515311235965,
                0.1416024629368074,
                0.14351889244527788,
                0.14210294702890394,
                0.14018547193370565,
                0.13776936843222443,
                0.13418180454898296,
                0.12575695888827698,
                0.11277119652514733,
                0.09656772616036065,
                0.10172631630776707,
                0.10306410942800026,
                0.08908228695261487,
                0.08562301434276079,
                0.08226017474486333,
                0.09778473361538507,
                0.10506094513334568,
                0.11249361591461572,
                0.1184396668530007,
                0.1199885392093651,
                0.1233119647607282,
                0.13144213648799505,
                0.13870078353597484,
                0.144850334017861,
                0.1516945554920089,
                0.1532794030487809,
                0.15703077040621766,
                0.15505607497074278,
                0.15122211475902528,
                0.14589012257191955,
                0.13382136173297005,
                0.1265364997110925,
                0.1180873118321802,
                0.11040570164609878,
                0.11636378358205515,
                0.11539233509389217,
                0.11947755708271238,
                0.1257136854796463,
                0.1306577991619944,
                0.1293263530740576,
                0.12827479510262313,
                0.11906920334016621,
                0.12567637482068011,
                0.12454317868247868,
                0.12873410198072074,
                0.10903042890839827,
                0.05724712831519772,
                0.019629370613463492,
                0.00047395489013885706
            ]
        },
        "success_rate": "0.0%"
    },
    "search_space": {
        "model_th": {
            "low": 0.35,
            "high": 0.45
        },
        "slope": {
            "low": -0.005,
            "high": 0.005
        },
        "predict_up": {
            "low": 0.001,
            "high": 0.003
        },
        "init_pt": {
            "low": 0.005,
            "high": 0.02
        },
        "trend_pt": {
            "low": 0.02,
            "high": 0.1
        },
        "tp1": {
            "low": 1.03,
            "high": 1.05
        },
        "tp2": {
            "low": 1.05,
            "high": 1.12
        },
        "kelly": {
            "low": 0.1,
            "high": 0.15
        },
        "risk": {
            "low": 0.005,
            "high": 0.01
        },
        "atr_stop": {
            "low": 1.8,
            "high": 2.8
        },
        "max_stop": {
            "low": 0.05,
            "high": 0.08
        },
        "min_stop": {
            "low": 0.005,
            "high": 0.01
        },
        "strength_alpha": {
            "low": 0.5,
            "high": 2.0
        },
        "confirm_n": {
            "low": 1,
            "high": 1
        },
        "atr_mult": {
            "low": 2.5,
            "high": 4.5
        },
        "slope_min": {
            "low": 0.0,
            "high": 0.0005
        }
    },
    "initial_trial": {
        "model_th": 0.38,
        "slope": 0.0005,
        "predict_up": 0.001,
        "init_pt": 0.01,
        "trend_stage": 0.05,
        "tp1": 1.03,
        "tp2": 1.08,
        "kelly": 0.1,
        "risk": 0.008,
        "atr_stop": 2.2,
        "max_stop": 0.06,
        "min_stop": 0.008,
        "strength_alpha": 1.0,
        "confirm_n": 1,
        "atr_mult": 2.8,
        "slope_min": 0.0
    },
    "_META": {
        "last_optimized": "2026-05-16 08:05:25",
        "best_value": 6.31837,
        "status": "SIGNAL_BLOCKED"
    }
}