{
    "ticker": "sz159908",
    "category": "ETF",
    "best_params": {
        "window": 88,
        "slope": 0.0770090517475585,
        "model_th": 0.42216264991147406,
        "predict_up": 0.0010232008056950859,
        "init_pt": 0.011375363982542023,
        "trend_pt": 0.05585469333813199,
        "tp1": 1.0450866421388683,
        "tp2": 1.0526827333562465,
        "kelly": 0.12301659614042165,
        "risk": 0.006433897451341841,
        "atr_stop": 2.4568849584252246,
        "max_stop": 0.07448450970127432,
        "min_stop": 0.0066477185951953795,
        "strength_alpha": 1.7776063372117423,
        "confirm_n": 1,
        "atr_mult": 3.088344902652485,
        "slope_min": 0.00011732574313151751
    },
    "intercept_stats": {
        "ticker": "sz159908",
        "status": "ANEMIC",
        "success_count": 2,
        "total_scans": 13,
        "intercept_report": {
            "model_confidence": 62,
            "slope_filter": 25,
            "predict_up_filter": 15,
            "zero_strength_ghost": 0,
            "other_error": 0
        },
        "current_config": {
            "window": 88,
            "slope": 0.0770090517475585,
            "model_th": 0.42216264991147406,
            "predict_up": 0.0010232008056950859,
            "init_pt": 0.011375363982542023,
            "trend_pt": 0.05585469333813199,
            "tp1": 1.0450866421388683,
            "tp2": 1.0526827333562465,
            "kelly": 0.12301659614042165,
            "risk": 0.006433897451341841,
            "atr_stop": 2.4568849584252246,
            "max_stop": 0.07448450970127432,
            "min_stop": 0.0066477185951953795,
            "strength_alpha": 1.7776063372117423,
            "confirm_n": 1,
            "atr_mult": 3.088344902652485,
            "slope_min": 0.00011732574313151751
        },
        "slope_stats": {
            "max_ref": 0.1638864715412694,
            "avg_ref": 0.1243111366608146,
            "all_positive_slopes": [
                0.1488216584796056,
                0.14859253512623183,
                0.14999167893143595,
                0.1572570349669231,
                0.15540750129879785,
                0.15508852754442937,
                0.15292082103037527,
                0.15297269061751975,
                0.15303648229982478,
                0.15502584412515855,
                0.15237319534550667,
                0.14885251964016544,
                0.14185380179129406,
                0.13357652006672943,
                0.11364785045438576,
                0.09182990224028752,
                0.094236547207568,
                0.09368193089086652,
                0.09472806631730896,
                0.09389363933588749,
                0.0998864504353328,
                0.11281937019696588,
                0.1262120624094758,
                0.13965821460969807,
                0.14188580473797735,
                0.14543629446198328,
                0.1485824177534956,
                0.15494152981164383,
                0.16097790702427,
                0.16484704986712903,
                0.16484219455048796,
                0.16531046952016437,
                0.16453557009699668,
                0.1627661823486898,
                0.16242744693652628,
                0.16323737298554214,
                0.15876501918274818,
                0.14961883227330885,
                0.13830789088067152,
                0.12844093705337223,
                0.09983958827985609,
                0.05509985749789553,
                0.012139076929627454,
                0.019491372760298997,
                0.034543910628010155,
                0.06289976605260321,
                0.09725909874768862,
                0.1209342541582243,
                0.1398569986010266,
                0.15061953499744563,
                0.15788960308692074,
                0.16055971831472096,
                0.15958451012900954,
                0.14876154480810327,
                0.13999476388009516,
                0.13704947390148817,
                0.1250051239075407,
                0.11469024155931053,
                0.06741649425875536,
                0.011373001785940319,
                8.169562889738645e-05,
                0.037674895570784864,
                0.06714378165266181,
                0.0980117644955692,
                0.11618444091025906,
                0.12942956455211382,
                0.14569057092628057,
                0.1469021849567499,
                0.14428043930346332,
                0.14248373423902844,
                0.1419119315506859
            ]
        },
        "success_rate": "15.4%"
    },
    "search_space": {
        "model_th": {
            "low": 0.35,
            "high": 0.45
        },
        "slope": {
            "low": -0.005,
            "high": 0.005
        },
        "predict_up": {
            "low": 0.001,
            "high": 0.003
        },
        "init_pt": {
            "low": 0.005,
            "high": 0.02
        },
        "trend_pt": {
            "low": 0.02,
            "high": 0.1
        },
        "tp1": {
            "low": 1.03,
            "high": 1.05
        },
        "tp2": {
            "low": 1.05,
            "high": 1.12
        },
        "kelly": {
            "low": 0.1,
            "high": 0.15
        },
        "risk": {
            "low": 0.005,
            "high": 0.01
        },
        "atr_stop": {
            "low": 1.8,
            "high": 2.8
        },
        "max_stop": {
            "low": 0.05,
            "high": 0.08
        },
        "min_stop": {
            "low": 0.005,
            "high": 0.01
        },
        "strength_alpha": {
            "low": 0.5,
            "high": 2.0
        },
        "confirm_n": {
            "low": 1,
            "high": 1
        },
        "atr_mult": {
            "low": 2.5,
            "high": 4.5
        },
        "slope_min": {
            "low": 0.0,
            "high": 0.0005
        }
    },
    "initial_trial": {
        "model_th": 0.38,
        "slope": 0.0005,
        "predict_up": 0.001,
        "init_pt": 0.01,
        "trend_stage": 0.05,
        "tp1": 1.03,
        "tp2": 1.08,
        "kelly": 0.1,
        "risk": 0.008,
        "atr_stop": 2.2,
        "max_stop": 0.06,
        "min_stop": 0.008,
        "strength_alpha": 1.0,
        "confirm_n": 1,
        "atr_mult": 2.8,
        "slope_min": 0.0
    },
    "_META": {
        "last_optimized": "2026-05-03 08:00:21",
        "best_value": 44.50326,
        "status": "ACTIVE"
    }
}