{
    "ticker": "sz159908",
    "category": "ETF",
    "best_params": {
        "window": 48,
        "slope": 0.08686860751653812,
        "model_th": 0.4210585535502757,
        "predict_up": 0.0013449385100356387,
        "init_pt": 0.007934859791337314,
        "trend_pt": 0.055397055240882884,
        "tp1": 1.0456068756862462,
        "tp2": 1.0506079860076991,
        "kelly": 0.10824015647334224,
        "risk": 0.005054921956482014,
        "atr_stop": 2.0476161415186827,
        "max_stop": 0.06269839442721123,
        "min_stop": 0.00852963315927996,
        "strength_alpha": 0.8387453713438701,
        "confirm_n": 1,
        "atr_mult": 2.5309965606188065,
        "slope_min": 0.0001452113891673602
    },
    "intercept_stats": {
        "ticker": "sz159908",
        "status": "HEALTHY",
        "success_count": 5,
        "total_scans": 13,
        "intercept_report": {
            "model_confidence": 47,
            "slope_filter": 12,
            "predict_up_filter": 38,
            "zero_strength_ghost": 2,
            "other_error": 0
        },
        "current_config": {
            "window": 48,
            "slope": 0.08686860751653812,
            "model_th": 0.4210585535502757,
            "predict_up": 0.0013449385100356387,
            "init_pt": 0.007934859791337314,
            "trend_pt": 0.055397055240882884,
            "tp1": 1.0456068756862462,
            "tp2": 1.0506079860076991,
            "kelly": 0.10824015647334224,
            "risk": 0.005054921956482014,
            "atr_stop": 2.0476161415186827,
            "max_stop": 0.06269839442721123,
            "min_stop": 0.00852963315927996,
            "strength_alpha": 0.8387453713438701,
            "confirm_n": 1,
            "atr_mult": 2.5309965606188065,
            "slope_min": 0.0001452113891673602
        },
        "slope_stats": {
            "max_ref": 0.16297821813527336,
            "avg_ref": 0.13141798693765722,
            "all_positive_slopes": [
                0.032901836558201156,
                0.06607796907109569,
                0.09129209346566977,
                0.10956279299818163,
                0.12380376122497183,
                0.13557226652911453,
                0.1452753318366488,
                0.15188053513668615,
                0.15478694429872644,
                0.1570965535023205,
                0.15825539668233563,
                0.1566232758294925,
                0.1545157871647433,
                0.15101424790266577,
                0.14458379117203843,
                0.13576195866384885,
                0.1357725842690442,
                0.13561276094722294,
                0.1353433307026589,
                0.13914321393207618,
                0.14105032298609235,
                0.1432951810398891,
                0.14618816248423835,
                0.1479783532885293,
                0.15151313963279175,
                0.15490834609589296,
                0.1571822110280108,
                0.15825987441172765,
                0.15784558546018623,
                0.15685456518667304,
                0.15451584429418477,
                0.14969108133716216,
                0.1488216584796056,
                0.14859253512623183,
                0.14999167893143595,
                0.1572570349669231,
                0.15540750129879785,
                0.15508852754442937,
                0.15292082103037527,
                0.15297269061751975,
                0.15303648229982478,
                0.15502584412515855,
                0.15237319534550667,
                0.14885251964016544,
                0.14185380179129406,
                0.13357652006672943,
                0.11364785045438576,
                0.09182990224028752,
                0.094236547207568,
                0.09368193089086652,
                0.09472806631730896,
                0.09389363933588749,
                0.0998864504353328,
                0.11281937019696588,
                0.1262120624094758,
                0.13965821460969807,
                0.14188580473797735,
                0.14543629446198328,
                0.1485824177534956,
                0.15494152981164383,
                0.16097790702427,
                0.16484704986712903,
                0.16484219455048796,
                0.16531046952016437,
                0.16453557009699668,
                0.1627661823486898,
                0.16242744693652628,
                0.16323737298554214,
                0.15876501918274818,
                0.14961883227330885,
                0.13830789088067152,
                0.12844093705337223,
                0.09983958827985609,
                0.05509985749789553,
                0.012139076929627454,
                0.019491372760298997,
                0.034543910628010155,
                0.06289976605260321,
                0.09725909874768862,
                0.1209342541582243,
                0.1398569986010266,
                0.15061953499744563,
                0.15788960308692074,
                0.16055971831472096,
                0.15958451012900954,
                0.14876154480810327,
                0.13999476388009516,
                0.13704947390148817,
                0.1250051239075407,
                0.11469024155931053,
                0.06741649425875536,
                0.011373001785940319
            ]
        },
        "success_rate": "38.5%"
    },
    "search_space": {
        "model_th": {
            "low": 0.35,
            "high": 0.45
        },
        "slope": {
            "low": -0.005,
            "high": 0.005
        },
        "predict_up": {
            "low": 0.001,
            "high": 0.003
        },
        "init_pt": {
            "low": 0.005,
            "high": 0.02
        },
        "trend_pt": {
            "low": 0.02,
            "high": 0.1
        },
        "tp1": {
            "low": 1.03,
            "high": 1.05
        },
        "tp2": {
            "low": 1.05,
            "high": 1.12
        },
        "kelly": {
            "low": 0.1,
            "high": 0.15
        },
        "risk": {
            "low": 0.005,
            "high": 0.01
        },
        "atr_stop": {
            "low": 1.8,
            "high": 2.8
        },
        "max_stop": {
            "low": 0.05,
            "high": 0.08
        },
        "min_stop": {
            "low": 0.005,
            "high": 0.01
        },
        "strength_alpha": {
            "low": 0.5,
            "high": 2.0
        },
        "confirm_n": {
            "low": 1,
            "high": 1
        },
        "atr_mult": {
            "low": 2.5,
            "high": 4.5
        },
        "slope_min": {
            "low": 0.0,
            "high": 0.0005
        }
    },
    "initial_trial": {
        "model_th": 0.38,
        "slope": 0.0005,
        "predict_up": 0.001,
        "init_pt": 0.01,
        "trend_stage": 0.05,
        "tp1": 1.03,
        "tp2": 1.08,
        "kelly": 0.1,
        "risk": 0.008,
        "atr_stop": 2.2,
        "max_stop": 0.06,
        "min_stop": 0.008,
        "strength_alpha": 1.0,
        "confirm_n": 1,
        "atr_mult": 2.8,
        "slope_min": 0.0
    },
    "_META": {
        "last_optimized": "2026-04-26 12:39:28",
        "best_value": 6.54317,
        "status": "ACTIVE"
    }
}