{
    "ticker": "sz159908",
    "category": "ETF",
    "best_params": {
        "window": 56,
        "model_th": 0.4231383353855366,
        "slope": -0.00101930078829097,
        "slope_min": 0.0003847424946936766,
        "predict_up": 0.001993120715477718,
        "init_pt": 0.005221641063213609,
        "trend_pt": 0.07471991386059477,
        "tp1": 1.032549942626942,
        "tp2": 1.1170190060788563,
        "kelly": 0.1332953366931949,
        "risk": 0.008873900588036589,
        "atr_stop": 1.919205745315165,
        "max_stop": 0.07294415188100443,
        "min_stop": 0.005861122417749036,
        "strength_alpha": 1.7076475629682304,
        "confirm_n": 1,
        "atr_mult": 4.409393340362114
    },
    "intercept_stats": {
        "ticker": "sz159908",
        "status": "ANEMIC",
        "success_count": 0,
        "total_scans": 13,
        "intercept_report": {
            "model_confidence": 16,
            "slope_filter": 51,
            "predict_up_filter": 27,
            "zero_strength_ghost": 10,
            "other_error": 0
        },
        "current_config": {
            "window": 56,
            "model_th": 0.4231383353855366,
            "slope": -0.00101930078829097,
            "slope_min": 0.0003847424946936766,
            "predict_up": 0.001993120715477718,
            "init_pt": 0.005221641063213609,
            "trend_pt": 0.07471991386059477,
            "tp1": 1.032549942626942,
            "tp2": 1.1170190060788563,
            "kelly": 0.1332953366931949,
            "risk": 0.008873900588036589,
            "atr_stop": 1.919205745315165,
            "max_stop": 0.07294415188100443,
            "min_stop": 0.005861122417749036,
            "strength_alpha": 1.7076475629682304,
            "confirm_n": 1,
            "atr_mult": 4.409393340362114
        },
        "sample_details": [],
        "success_rate": "0.0%"
    },
    "search_space": {
        "model_th": {
            "low": 0.35,
            "high": 0.45
        },
        "slope": {
            "low": -0.005,
            "high": 0.005
        },
        "slope_min": {
            "low": 0.0,
            "high": 0.0005
        },
        "predict_up": {
            "low": 0.001,
            "high": 0.003
        },
        "init_pt": {
            "low": 0.005,
            "high": 0.02
        },
        "trend_pt": {
            "low": 0.02,
            "high": 0.1
        },
        "tp1": {
            "low": 1.03,
            "high": 1.05
        },
        "tp2": {
            "low": 1.05,
            "high": 1.12
        },
        "kelly": {
            "low": 0.1,
            "high": 0.15
        },
        "risk": {
            "low": 0.005,
            "high": 0.01
        },
        "atr_stop": {
            "low": 1.8,
            "high": 2.8
        },
        "max_stop": {
            "low": 0.05,
            "high": 0.08
        },
        "min_stop": {
            "low": 0.005,
            "high": 0.01
        },
        "strength_alpha": {
            "low": 0.5,
            "high": 2.0
        },
        "confirm_n": {
            "low": 1,
            "high": 1
        },
        "atr_mult": {
            "low": 2.5,
            "high": 4.5
        }
    },
    "initial_trial": {
        "model_th": 0.38,
        "slope": 0.0005,
        "slope_min": 0.0,
        "predict_up": 0.001,
        "init_pt": 0.01,
        "trend_stage": 0.05,
        "tp1": 1.03,
        "tp2": 1.08,
        "kelly": 0.1,
        "risk": 0.008,
        "atr_stop": 2.2,
        "max_stop": 0.06,
        "min_stop": 0.008,
        "strength_alpha": 1.0,
        "confirm_n": 1,
        "atr_mult": 2.8
    },
    "_META": {
        "last_optimized": "2026-04-06 20:34:49",
        "best_value": -72.49379,
        "status": "SIGNAL_BLOCKED"
    }
}