{
    "ticker": "sz159908",
    "category": "ETF",
    "best_params": {
        "window": 36,
        "slope": 0.002425235888627318,
        "model_th": 0.4080691255110884,
        "predict_up": 0.0019895831328412368,
        "init_pt": 0.01285331996246896,
        "trend_pt": 0.041312401551451425,
        "tp1": 1.0321946826234332,
        "tp2": 1.0715457490754121,
        "kelly": 0.11581106281402104,
        "risk": 0.005234240940884646,
        "atr_stop": 2.6091134303785815,
        "max_stop": 0.058403405461957277,
        "min_stop": 0.0054743324086400464,
        "strength_alpha": 1.924182411266515,
        "confirm_n": 1,
        "atr_mult": 4.367867525578619,
        "slope_min": 0.0001001733055089743
    },
    "intercept_stats": {
        "ticker": "sz159908",
        "status": "ANEMIC",
        "success_count": 2,
        "total_scans": 13,
        "intercept_report": {
            "model_confidence": 51,
            "slope_filter": 25,
            "predict_up_filter": 26,
            "zero_strength_ghost": 0,
            "other_error": 0
        },
        "current_config": {
            "window": 36,
            "slope": 0.002425235888627318,
            "model_th": 0.4080691255110884,
            "predict_up": 0.0019895831328412368,
            "init_pt": 0.01285331996246896,
            "trend_pt": 0.041312401551451425,
            "tp1": 1.0321946826234332,
            "tp2": 1.0715457490754121,
            "kelly": 0.11581106281402104,
            "risk": 0.005234240940884646,
            "atr_stop": 2.6091134303785815,
            "max_stop": 0.058403405461957277,
            "min_stop": 0.0054743324086400464,
            "strength_alpha": 1.924182411266515,
            "confirm_n": 1,
            "atr_mult": 4.367867525578619,
            "slope_min": 0.0001001733055089743
        },
        "slope_stats": {
            "max_ref": 0.1638864715412694,
            "avg_ref": 0.12353255103785674,
            "all_positive_slopes": [
                0.14188580473797735,
                0.14543629446198328,
                0.1485824177534956,
                0.15494152981164383,
                0.16097790702427,
                0.16484704986712903,
                0.16484219455048796,
                0.16531046952016437,
                0.16453557009699668,
                0.1627661823486898,
                0.16242744693652628,
                0.16323737298554214,
                0.15876501918274818,
                0.14961883227330885,
                0.13830789088067152,
                0.12844093705337223,
                0.09983958827985609,
                0.05509985749789553,
                0.012139076929627454,
                0.019491372760298997,
                0.034543910628010155,
                0.06289976605260321,
                0.09725909874768862,
                0.1209342541582243,
                0.1398569986010266,
                0.15061953499744563,
                0.15788960308692074,
                0.16055971831472096,
                0.15958451012900954,
                0.14876154480810327,
                0.13999476388009516,
                0.13704947390148817,
                0.1250051239075407,
                0.11469024155931053,
                0.06741649425875536,
                0.011373001785940319,
                8.169562889738645e-05,
                0.037674895570784864,
                0.06714378165266181,
                0.0980117644955692,
                0.11618444091025906,
                0.12942956455211382,
                0.14569057092628057,
                0.1469021849567499,
                0.14428043930346332,
                0.14248373423902844,
                0.1419119315506859,
                0.1407183166849254,
                0.1411889723751421,
                0.14155117715812768,
                0.14176108561223402,
                0.1414741386900783,
                0.14095163715730244,
                0.14149938781765328,
                0.14390856374764585,
                0.1437263028424231,
                0.1403015969918085,
                0.1400515311235965,
                0.1416024629368074,
                0.14351889244527788,
                0.14210294702890394,
                0.14018547193370565,
                0.13776936843222443,
                0.13418180454898296,
                0.12575695888827698,
                0.11277119652514733,
                0.09656772616036065,
                0.10172631630776707,
                0.10306410942800026,
                0.08908228695261487,
                0.08562301434276079
            ]
        },
        "success_rate": "15.4%"
    },
    "search_space": {
        "model_th": {
            "low": 0.35,
            "high": 0.45
        },
        "slope": {
            "low": -0.005,
            "high": 0.005
        },
        "predict_up": {
            "low": 0.001,
            "high": 0.003
        },
        "init_pt": {
            "low": 0.005,
            "high": 0.02
        },
        "trend_pt": {
            "low": 0.02,
            "high": 0.1
        },
        "tp1": {
            "low": 1.03,
            "high": 1.05
        },
        "tp2": {
            "low": 1.05,
            "high": 1.12
        },
        "kelly": {
            "low": 0.1,
            "high": 0.15
        },
        "risk": {
            "low": 0.005,
            "high": 0.01
        },
        "atr_stop": {
            "low": 1.8,
            "high": 2.8
        },
        "max_stop": {
            "low": 0.05,
            "high": 0.08
        },
        "min_stop": {
            "low": 0.005,
            "high": 0.01
        },
        "strength_alpha": {
            "low": 0.5,
            "high": 2.0
        },
        "confirm_n": {
            "low": 1,
            "high": 1
        },
        "atr_mult": {
            "low": 2.5,
            "high": 4.5
        },
        "slope_min": {
            "low": 0.0,
            "high": 0.0005
        }
    },
    "initial_trial": {
        "model_th": 0.38,
        "slope": 0.0005,
        "predict_up": 0.001,
        "init_pt": 0.01,
        "trend_stage": 0.05,
        "tp1": 1.03,
        "tp2": 1.08,
        "kelly": 0.1,
        "risk": 0.008,
        "atr_stop": 2.2,
        "max_stop": 0.06,
        "min_stop": 0.008,
        "strength_alpha": 1.0,
        "confirm_n": 1,
        "atr_mult": 2.8,
        "slope_min": 0.0
    },
    "_META": {
        "last_optimized": "2026-05-10 11:01:26",
        "best_value": -200.0,
        "status": "ACTIVE"
    }
}