{
    "ticker": "sz159908",
    "category": "ETF",
    "best_params": {
        "model_th": 0.3693661300328982,
        "slope": 0.004963341246638181,
        "slope_min": 0.000369978999898772,
        "predict_up": 0.002034863687661932,
        "init_pt": 0.014966085048889504,
        "trend_pt": 0.08903731788692948,
        "tp1": 1.0412497695358887,
        "tp2": 1.0987485239155435,
        "kelly": 0.12903211810953258,
        "risk": 0.009995138990516279,
        "atr_stop": 2.7277025424476413,
        "max_stop": 0.058859441237653486,
        "min_stop": 0.009823524865444497,
        "strength_alpha": 1.3999589332055788,
        "confirm_n": 1,
        "atr_mult": 2.854163620168009
    },
    "intercept_stats": {
        "ticker": "sz159908",
        "status": "ANEMIC",
        "success_count": 0,
        "total_scans": 25,
        "intercept_report": {
            "model_confidence": 4,
            "slope_filter": 152,
            "predict_up_filter": 36,
            "zero_strength_ghost": 8,
            "other_error": 0
        },
        "current_config": {
            "model_th": 0.3693661300328982,
            "slope": 0.004963341246638181,
            "slope_min": 0.000369978999898772,
            "predict_up": 0.002034863687661932,
            "init_pt": 0.014966085048889504,
            "trend_pt": 0.08903731788692948,
            "tp1": 1.0412497695358887,
            "tp2": 1.0987485239155435,
            "kelly": 0.12903211810953258,
            "risk": 0.009995138990516279,
            "atr_stop": 2.7277025424476413,
            "max_stop": 0.058859441237653486,
            "min_stop": 0.009823524865444497,
            "strength_alpha": 1.3999589332055788,
            "confirm_n": 1,
            "atr_mult": 2.854163620168009
        },
        "sample_details": [],
        "success_rate": "0.0%"
    },
    "search_space": {
        "model_th": {
            "low": 0.35,
            "high": 0.45
        },
        "slope": {
            "low": -0.005,
            "high": 0.005
        },
        "slope_min": {
            "low": 0.0,
            "high": 0.0005
        },
        "predict_up": {
            "low": 0.001,
            "high": 0.003
        },
        "init_pt": {
            "low": 0.005,
            "high": 0.02
        },
        "trend_pt": {
            "low": 0.02,
            "high": 0.1
        },
        "tp1": {
            "low": 1.03,
            "high": 1.05
        },
        "tp2": {
            "low": 1.05,
            "high": 1.12
        },
        "kelly": {
            "low": 0.1,
            "high": 0.15
        },
        "risk": {
            "low": 0.005,
            "high": 0.01
        },
        "atr_stop": {
            "low": 1.8,
            "high": 2.8
        },
        "max_stop": {
            "low": 0.05,
            "high": 0.08
        },
        "min_stop": {
            "low": 0.005,
            "high": 0.01
        },
        "strength_alpha": {
            "low": 0.5,
            "high": 2.0
        },
        "confirm_n": {
            "low": 1,
            "high": 1
        },
        "atr_mult": {
            "low": 2.5,
            "high": 4.5
        }
    },
    "initial_trial": {
        "model_th": 0.38,
        "slope": 0.0005,
        "slope_min": 0.0,
        "predict_up": 0.001,
        "init_pt": 0.01,
        "trend_stage": 0.05,
        "tp1": 1.03,
        "tp2": 1.08,
        "kelly": 0.1,
        "risk": 0.008,
        "atr_stop": 2.2,
        "max_stop": 0.06,
        "min_stop": 0.008,
        "strength_alpha": 1.0,
        "confirm_n": 1,
        "atr_mult": 2.8
    },
    "_META": {
        "last_optimized": "2026-04-05 19:54:40",
        "best_value": -64.643,
        "status": "SIGNAL_BLOCKED"
    }
}