{
    "ticker": "sz301380",
    "category": "STOCK",
    "best_params": {
        "window": 128,
        "slope": 0.0012181908124278065,
        "strength_alpha": 64,
        "confirm_n": 1,
        "atr_mult": 3.886617535543412,
        "model_th": 0.5206551245862213,
        "atr_stop": 3.825411050489896,
        "risk": 0.008995861299976789,
        "kelly": 0.2969780705249016,
        "max_stop": 0.133403816232419,
        "predict_up": -0.013834435212813065,
        "tp1": 1.02680592913822,
        "tp2": 1.1348353278314016,
        "init_pt": 0.014991087201577984
    },
    "intercept_stats": {
        "ticker": "sz301380",
        "status": "HEALTHY",
        "success_count": 19,
        "total_scans": 13,
        "intercept_report": {
            "model_confidence": 60,
            "slope_filter": 25,
            "predict_up_filter": 0,
            "zero_strength_ghost": 0,
            "other_error": 0
        },
        "current_config": {
            "window": 128,
            "slope": 0.0012181908124278065,
            "strength_alpha": 64,
            "confirm_n": 1,
            "atr_mult": 3.886617535543412,
            "model_th": 0.5206551245862213,
            "atr_stop": 3.825411050489896,
            "risk": 0.008995861299976789,
            "kelly": 0.2969780705249016,
            "max_stop": 0.133403816232419,
            "predict_up": -0.013834435212813065,
            "tp1": 1.02680592913822,
            "tp2": 1.1348353278314016,
            "init_pt": 0.014991087201577984
        },
        "slope_stats": {
            "max_ref": 0.15466233347298639,
            "avg_ref": 0.08088818821605569,
            "all_positive_slopes": [
                0.035943754912524384,
                0.06747286405894617,
                0.08666590288681082,
                0.09908643449110235,
                0.09623065617080112,
                0.07225491379982753,
                0.026712866401659544,
                0.024756796389139697,
                0.039698783429143174,
                0.058222423799666446,
                0.07266309023782273,
                0.09753027852677211,
                0.11740452433880086,
                0.12679851860762079,
                0.13489788593632007,
                0.12749697227688916,
                0.11510592852152482,
                0.10795395166156552,
                0.1025415390074717,
                0.10454228812391016,
                0.10374701641663206,
                0.09564195849173038,
                0.08576800742344261,
                0.08236314010322386,
                0.07859369277982609,
                0.0784123952608515,
                0.06942152842400726,
                0.06637010608742416,
                0.064183651475182,
                0.06721472399636297,
                0.0861013253453225,
                0.07354779421964949,
                0.07038889780263063,
                0.06617981935464716,
                0.05723923423206986,
                0.03285137583162552,
                0.003409596597135447,
                0.006708540854165349,
                0.03854237805484821,
                0.056389843769942785,
                0.06195241281252331,
                0.06954437095626739,
                0.06841117532766382,
                0.03765118243531279,
                0.007201473011130793,
                0.010426487134497295,
                0.05176017075000816,
                0.06580684154368101,
                0.07777625764771612,
                0.08414420042464371,
                0.09241092880262815,
                0.10772308098012424,
                0.12406514987147475,
                0.14045561148538427,
                0.154596967409715,
                0.15804451433153968,
                0.15666633925608328,
                0.1552506280424287,
                0.1514599124254233
            ]
        },
        "success_rate": "146.2%"
    },
    "search_space": {
        "strength_alpha": {
            "low": 10,
            "high": 80
        },
        "confirm_n": {
            "low": 1,
            "high": 1
        },
        "atr_mult": {
            "low": 2.5,
            "high": 4.5
        },
        "model_th": {
            "low": 0.4,
            "high": 0.55
        },
        "atr_stop": {
            "low": 3.5,
            "high": 4.5
        },
        "risk": {
            "low": 0.005,
            "high": 0.01
        },
        "kelly": {
            "low": 0.15,
            "high": 0.3
        },
        "slope": {
            "low": 0.006,
            "high": 0.02
        },
        "max_stop": {
            "low": 0.08,
            "high": 0.15
        },
        "predict_up": {
            "low": -0.05,
            "high": 0.01
        },
        "tp1": {
            "low": 1.02,
            "high": 1.06
        },
        "tp2": {
            "low": 1.1,
            "high": 1.25
        },
        "init_pt": {
            "low": 0.01,
            "high": 0.05
        }
    },
    "initial_trial": {
        "strength_alpha": 80,
        "confirm_n": 1,
        "model_th": 0.4,
        "atr_stop": 4.0,
        "risk": 0.008,
        "kelly": 0.2,
        "slope": 0.012,
        "max_stop": 0.12,
        "predict_up": -0.05,
        "tp1": 1.05,
        "tp2": 1.2,
        "init_pt": 0.01,
        "trend_stage": 0.15,
        "min_stop": 0.01,
        "atr_mult": 3.5
    },
    "_META": {
        "last_optimized": "2026-05-01 04:16:50",
        "best_value": 75.27208,
        "status": "ACTIVE"
    }
}