{
    "ticker": "sz300161",
    "category": "STOCK",
    "best_params": {
        "window": 116,
        "slope": 0.10138407915946657,
        "strength_alpha": 60,
        "confirm_n": 1,
        "atr_mult": 3.6946584735665287,
        "model_th": 0.46114028940231305,
        "atr_stop": 3.6423133013304803,
        "risk": 0.008446356272709715,
        "kelly": 0.21602333133130006,
        "max_stop": 0.1127982986258853,
        "predict_up": -0.01606566721421127,
        "tp1": 1.036255854922596,
        "tp2": 1.1957098575809308,
        "init_pt": 0.042889683463821944
    },
    "intercept_stats": {
        "ticker": "sz300161",
        "status": "HEALTHY",
        "success_count": 4,
        "total_scans": 13,
        "intercept_report": {
            "model_confidence": 61,
            "slope_filter": 39,
            "predict_up_filter": 0,
            "zero_strength_ghost": 0,
            "other_error": 0
        },
        "current_config": {
            "window": 116,
            "slope": 0.10138407915946657,
            "strength_alpha": 60,
            "confirm_n": 1,
            "atr_mult": 3.6946584735665287,
            "model_th": 0.46114028940231305,
            "atr_stop": 3.6423133013304803,
            "risk": 0.008446356272709715,
            "kelly": 0.21602333133130006,
            "max_stop": 0.1127982986258853,
            "predict_up": -0.01606566721421127,
            "tp1": 1.036255854922596,
            "tp2": 1.1957098575809308,
            "init_pt": 0.042889683463821944
        },
        "slope_stats": {
            "max_ref": 0.15796375768799195,
            "avg_ref": 0.11691097225790867,
            "all_positive_slopes": [
                0.008944654146360956,
                0.053826074845917574,
                0.10944654436855683,
                0.14405442237067367,
                0.15787697668118708,
                0.15974902208354155,
                0.16326002113246782,
                0.15816624670387003,
                0.14096073619054816,
                0.12635037934056645,
                0.07326374964258346,
                0.012402456192150739,
                0.003233297981168364,
                0.049492571857686615,
                0.07893097783219456,
                0.0990637872382638,
                0.11506705621959444,
                0.1274308590517611,
                0.1345388198397926,
                0.14052326955783356,
                0.14516383273198324,
                0.14922757711476406,
                0.15175232097615818,
                0.1531993032256608,
                0.15299028492900485,
                0.15002469083695458,
                0.14610439095615643,
                0.14188400379869315,
                0.13950570578540364,
                0.130974774136771,
                0.12924751780989832,
                0.1323769335413448,
                0.13516576936941757,
                0.14368574315019758,
                0.15050022550201136,
                0.15382511329652543,
                0.15539292121959525,
                0.1533806970577243,
                0.1481001982321314,
                0.140335449037115,
                0.1309290235101443,
                0.12596935235187898,
                0.12197926313098877,
                0.1180218021426604,
                0.11043416166853476,
                0.08387397058574833,
                0.05866261699588814,
                0.022687903855305565,
                0.03335016674107799,
                0.06894328549199243,
                0.09495643012147562,
                0.11253526390680647,
                0.12276319298472935,
                0.13020272712542155,
                0.13537493758809183
            ]
        },
        "success_rate": "30.8%"
    },
    "search_space": {
        "strength_alpha": {
            "low": 10,
            "high": 80
        },
        "confirm_n": {
            "low": 1,
            "high": 1
        },
        "atr_mult": {
            "low": 2.5,
            "high": 4.5
        },
        "model_th": {
            "low": 0.4,
            "high": 0.55
        },
        "atr_stop": {
            "low": 3.5,
            "high": 4.5
        },
        "risk": {
            "low": 0.005,
            "high": 0.01
        },
        "kelly": {
            "low": 0.15,
            "high": 0.3
        },
        "slope": {
            "low": 0.006,
            "high": 0.02
        },
        "max_stop": {
            "low": 0.08,
            "high": 0.15
        },
        "predict_up": {
            "low": -0.05,
            "high": 0.01
        },
        "tp1": {
            "low": 1.02,
            "high": 1.06
        },
        "tp2": {
            "low": 1.1,
            "high": 1.25
        },
        "init_pt": {
            "low": 0.01,
            "high": 0.05
        }
    },
    "initial_trial": {
        "strength_alpha": 80,
        "confirm_n": 1,
        "model_th": 0.4,
        "atr_stop": 4.0,
        "risk": 0.008,
        "kelly": 0.2,
        "slope": 0.012,
        "max_stop": 0.12,
        "predict_up": -0.05,
        "tp1": 1.05,
        "tp2": 1.2,
        "init_pt": 0.01,
        "trend_stage": 0.15,
        "min_stop": 0.01,
        "atr_mult": 3.5
    },
    "_META": {
        "last_optimized": "2026-05-16 14:32:49",
        "best_value": 79.34177,
        "status": "ACTIVE"
    }
}