{
    "ticker": "sz300161",
    "category": "STOCK",
    "best_params": {
        "window": 160,
        "slope": 0.07459035496849728,
        "strength_alpha": 31,
        "confirm_n": 1,
        "atr_mult": 3.7804310445677154,
        "model_th": 0.4910363839027937,
        "atr_stop": 4.494862235122275,
        "risk": 0.008133036468095317,
        "kelly": 0.2879079985775606,
        "max_stop": 0.12359925576617316,
        "predict_up": 0.0017366662429975643,
        "tp1": 1.0220010628457854,
        "tp2": 1.1921288569992488,
        "init_pt": 0.01234429877265426
    },
    "intercept_stats": {
        "ticker": "sz300161",
        "status": "ANEMIC",
        "success_count": 1,
        "total_scans": 13,
        "intercept_report": {
            "model_confidence": 54,
            "slope_filter": 37,
            "predict_up_filter": 12,
            "zero_strength_ghost": 0,
            "other_error": 0
        },
        "current_config": {
            "window": 160,
            "slope": 0.07459035496849728,
            "strength_alpha": 31,
            "confirm_n": 1,
            "atr_mult": 3.7804310445677154,
            "model_th": 0.4910363839027937,
            "atr_stop": 4.494862235122275,
            "risk": 0.008133036468095317,
            "kelly": 0.2879079985775606,
            "max_stop": 0.12359925576617316,
            "predict_up": 0.0017366662429975643,
            "tp1": 1.0220010628457854,
            "tp2": 1.1921288569992488,
            "init_pt": 0.01234429877265426
        },
        "slope_stats": {
            "max_ref": 0.15787697668118708,
            "avg_ref": 0.09295870168640256,
            "all_positive_slopes": [
                0.10000560652009793,
                0.09830923870182223,
                0.08533933192415663,
                0.06680181793819373,
                0.07992654606293349,
                0.08103382382936704,
                0.085102785565877,
                0.09016223106245785,
                0.0947407116110821,
                0.10112708041882922,
                0.10539407727420326,
                0.10084731910407468,
                0.10980209663512933,
                0.10160971673794882,
                0.07605196518300403,
                0.03167896453844701,
                0.0053060953183794056,
                0.006506771368102394,
                0.006089911376437404,
                0.06768483460508576,
                0.0983924305753663,
                0.12019954202000568,
                0.13784815581294854,
                0.14495936764013442,
                0.1495460762747606,
                0.1506814513843687,
                0.14856603572653262,
                0.14762118924792925,
                0.142945574134073,
                0.14017911010634782,
                0.13833527569121912,
                0.12437442351751603,
                0.10190821213198381,
                0.07812748136394929,
                0.052051589951533306,
                0.029507903549552076,
                0.016346774049387502,
                0.03108318237767271,
                0.02080235663508873,
                0.0017379888958548955,
                0.008944654146360956,
                0.053826074845917574,
                0.10944654436855683,
                0.14405442237067367,
                0.15787697668118708,
                0.15974902208354155,
                0.16326002113246782,
                0.15816624670387003,
                0.14096073619054816,
                0.12635037934056645,
                0.07326374964258346,
                0.012402456192150739,
                0.003233297981168364,
                0.049492571857686615,
                0.07893097783219456,
                0.0990637872382638,
                0.11506705621959444,
                0.1274308590517611,
                0.1345388198397926,
                0.14052326955783356,
                0.14516383273198324
            ]
        },
        "success_rate": "7.7%"
    },
    "search_space": {
        "strength_alpha": {
            "low": 10,
            "high": 80
        },
        "confirm_n": {
            "low": 1,
            "high": 1
        },
        "atr_mult": {
            "low": 2.5,
            "high": 4.5
        },
        "model_th": {
            "low": 0.4,
            "high": 0.55
        },
        "atr_stop": {
            "low": 3.5,
            "high": 4.5
        },
        "risk": {
            "low": 0.005,
            "high": 0.01
        },
        "kelly": {
            "low": 0.15,
            "high": 0.3
        },
        "slope": {
            "low": 0.006,
            "high": 0.02
        },
        "max_stop": {
            "low": 0.08,
            "high": 0.15
        },
        "predict_up": {
            "low": -0.05,
            "high": 0.01
        },
        "tp1": {
            "low": 1.02,
            "high": 1.06
        },
        "tp2": {
            "low": 1.1,
            "high": 1.25
        },
        "init_pt": {
            "low": 0.01,
            "high": 0.05
        }
    },
    "initial_trial": {
        "strength_alpha": 80,
        "confirm_n": 1,
        "model_th": 0.4,
        "atr_stop": 4.0,
        "risk": 0.008,
        "kelly": 0.2,
        "slope": 0.012,
        "max_stop": 0.12,
        "predict_up": -0.05,
        "tp1": 1.05,
        "tp2": 1.2,
        "init_pt": 0.01,
        "trend_stage": 0.15,
        "min_stop": 0.01,
        "atr_mult": 3.5
    },
    "_META": {
        "last_optimized": "2026-05-03 13:24:12",
        "best_value": 46.57299,
        "status": "ACTIVE"
    }
}