{
    "ticker": "sz300790",
    "category": "STOCK",
    "best_params": {
        "window": 116,
        "slope": 0.060957173730316436,
        "strength_alpha": 53,
        "confirm_n": 1,
        "atr_mult": 3.5316856051590233,
        "model_th": 0.40185676620110444,
        "atr_stop": 4.171010297421819,
        "risk": 0.007691794143034136,
        "kelly": 0.24310581718866858,
        "max_stop": 0.0896984686301308,
        "predict_up": -0.033715477099158474,
        "tp1": 1.0387467744433159,
        "tp2": 1.1739792899240988,
        "init_pt": 0.0218192127273489
    },
    "intercept_stats": {
        "ticker": "sz300790",
        "status": "HEALTHY",
        "success_count": 22,
        "total_scans": 13,
        "intercept_report": {
            "model_confidence": 35,
            "slope_filter": 47,
            "predict_up_filter": 0,
            "zero_strength_ghost": 0,
            "other_error": 0
        },
        "current_config": {
            "window": 116,
            "slope": 0.060957173730316436,
            "strength_alpha": 53,
            "confirm_n": 1,
            "atr_mult": 3.5316856051590233,
            "model_th": 0.40185676620110444,
            "atr_stop": 4.171010297421819,
            "risk": 0.007691794143034136,
            "kelly": 0.24310581718866858,
            "max_stop": 0.0896984686301308,
            "predict_up": -0.033715477099158474,
            "tp1": 1.0387467744433159,
            "tp2": 1.1739792899240988,
            "init_pt": 0.0218192127273489
        },
        "slope_stats": {
            "max_ref": 0.16056886365167305,
            "avg_ref": 0.09779019121821203,
            "all_positive_slopes": [
                0.05961762576268062,
                0.08171204103354789,
                0.0903434212999115,
                0.09241645098774025,
                0.09081927636440178,
                0.08213289182307022,
                0.08906215965147794,
                0.09662167763430796,
                0.0800619454270961,
                0.04978849171902272,
                0.03484961503374795,
                0.019584142928288747,
                0.026285816911297524,
                0.03217441504176374,
                0.03456999718711708,
                0.04718033826529567,
                0.046764599311865086,
                0.05986805348077053,
                0.06802945325387874,
                0.07117638440120733,
                0.08844746713122367,
                0.09995429143703186,
                0.10645839550107192,
                0.11126338378334216,
                0.1035479333302914,
                0.09035566801846386,
                0.07332103467958008,
                0.045376000348576556,
                0.014286194384588169,
                0.016392641263229927,
                0.06296826217192891,
                0.09207423159051929,
                0.1164824705967149,
                0.1405888394429559,
                0.14788087464551558,
                0.1369934408273906,
                0.12531763812887026,
                0.12275183553718966,
                0.11776682611735251,
                0.10497124728508303,
                0.09592473903688392,
                0.0844626249835556,
                0.07152588591591698,
                0.04385938082414852,
                0.04896162182493705,
                0.04195371623294509,
                0.07861798609755984,
                0.09534597914603586,
                0.10846716098218132,
                0.12007840893209633,
                0.13346491523201562,
                0.1426888503791174,
                0.1524862723833361,
                0.15819165204201147,
                0.16176650729000383,
                0.1612064724702651,
                0.16057155630281128,
                0.15919961050661335,
                0.15836826115084846,
                0.15873902850897062,
                0.16006284364745665,
                0.16069395099110356,
                0.16056078569825843,
                0.1587783330682147,
                0.15627140000319242,
                0.1516472030121056
            ]
        },
        "success_rate": "169.2%"
    },
    "search_space": {
        "strength_alpha": {
            "low": 10,
            "high": 80
        },
        "confirm_n": {
            "low": 1,
            "high": 1
        },
        "atr_mult": {
            "low": 2.5,
            "high": 4.5
        },
        "model_th": {
            "low": 0.4,
            "high": 0.55
        },
        "atr_stop": {
            "low": 3.5,
            "high": 4.5
        },
        "risk": {
            "low": 0.005,
            "high": 0.01
        },
        "kelly": {
            "low": 0.15,
            "high": 0.3
        },
        "slope": {
            "low": 0.006,
            "high": 0.02
        },
        "max_stop": {
            "low": 0.08,
            "high": 0.15
        },
        "predict_up": {
            "low": -0.05,
            "high": 0.01
        },
        "tp1": {
            "low": 1.02,
            "high": 1.06
        },
        "tp2": {
            "low": 1.1,
            "high": 1.25
        },
        "init_pt": {
            "low": 0.01,
            "high": 0.05
        }
    },
    "initial_trial": {
        "strength_alpha": 80,
        "confirm_n": 1,
        "model_th": 0.4,
        "atr_stop": 4.0,
        "risk": 0.008,
        "kelly": 0.2,
        "slope": 0.012,
        "max_stop": 0.12,
        "predict_up": -0.05,
        "tp1": 1.05,
        "tp2": 1.2,
        "init_pt": 0.01,
        "trend_stage": 0.15,
        "min_stop": 0.01,
        "atr_mult": 3.5
    },
    "_META": {
        "last_optimized": "2026-05-11 16:33:01",
        "best_value": 24.00244,
        "status": "ACTIVE"
    }
}