{
    "ticker": "sz300790",
    "category": "STOCK",
    "best_params": {
        "window": 100,
        "slope": 0.08105019832975041,
        "strength_alpha": 72,
        "confirm_n": 1,
        "atr_mult": 3.36508686626743,
        "model_th": 0.40180162947216946,
        "atr_stop": 4.046521737087607,
        "risk": 0.008056110241457583,
        "kelly": 0.18228604478187999,
        "max_stop": 0.1434503621256623,
        "predict_up": -0.027324685340345246,
        "tp1": 1.0525446705122636,
        "tp2": 1.1869292095141888,
        "init_pt": 0.016561425914129336
    },
    "intercept_stats": {
        "ticker": "sz300790",
        "status": "HEALTHY",
        "success_count": 21,
        "total_scans": 13,
        "intercept_report": {
            "model_confidence": 17,
            "slope_filter": 66,
            "predict_up_filter": 0,
            "zero_strength_ghost": 0,
            "other_error": 0
        },
        "current_config": {
            "window": 100,
            "slope": 0.08105019832975041,
            "strength_alpha": 72,
            "confirm_n": 1,
            "atr_mult": 3.36508686626743,
            "model_th": 0.40180162947216946,
            "atr_stop": 4.046521737087607,
            "risk": 0.008056110241457583,
            "kelly": 0.18228604478187999,
            "max_stop": 0.1434503621256623,
            "predict_up": -0.027324685340345246,
            "tp1": 1.0525446705122636,
            "tp2": 1.1869292095141888,
            "init_pt": 0.016561425914129336
        },
        "slope_stats": {
            "max_ref": 0.1404507042936938,
            "avg_ref": 0.07727751430157455,
            "all_positive_slopes": [
                0.01919995737296255,
                0.04434095045582903,
                0.07349301952655847,
                0.08917018620784932,
                0.09977110956908905,
                0.10581929421068226,
                0.12241264189278706,
                0.1339804712041342,
                0.14192052057882568,
                0.1429371537418687,
                0.14033768462611573,
                0.13698508397571124,
                0.12613200821813095,
                0.10014790400712069,
                0.06491062715375971,
                0.017430813846731865,
                0.01071972417501042,
                0.03414598172070139,
                0.05961762576268062,
                0.08171204103354789,
                0.0903434212999115,
                0.09241645098774025,
                0.09081927636440178,
                0.08213289182307022,
                0.08906215965147794,
                0.09662167763430796,
                0.0800619454270961,
                0.04978849171902272,
                0.03484961503374795,
                0.019584142928288747,
                0.026285816911297524,
                0.03217441504176374,
                0.03456999718711708,
                0.04718033826529567,
                0.046764599311865086,
                0.05986805348077053,
                0.06802945325387874,
                0.07117638440120733,
                0.08844746713122367,
                0.09995429143703186,
                0.10645839550107192,
                0.11126338378334216,
                0.1035479333302914,
                0.09035566801846386,
                0.07332103467958008,
                0.045376000348576556,
                0.014286194384588169,
                0.016392641263229927,
                0.06296826217192891,
                0.09207423159051929,
                0.1164824705967149,
                0.1405888394429559
            ]
        },
        "success_rate": "161.5%"
    },
    "search_space": {
        "strength_alpha": {
            "low": 10,
            "high": 80
        },
        "confirm_n": {
            "low": 1,
            "high": 1
        },
        "atr_mult": {
            "low": 2.5,
            "high": 4.5
        },
        "model_th": {
            "low": 0.4,
            "high": 0.55
        },
        "atr_stop": {
            "low": 3.5,
            "high": 4.5
        },
        "risk": {
            "low": 0.005,
            "high": 0.01
        },
        "kelly": {
            "low": 0.15,
            "high": 0.3
        },
        "slope": {
            "low": 0.006,
            "high": 0.02
        },
        "max_stop": {
            "low": 0.08,
            "high": 0.15
        },
        "predict_up": {
            "low": -0.05,
            "high": 0.01
        },
        "tp1": {
            "low": 1.02,
            "high": 1.06
        },
        "tp2": {
            "low": 1.1,
            "high": 1.25
        },
        "init_pt": {
            "low": 0.01,
            "high": 0.05
        }
    },
    "initial_trial": {
        "strength_alpha": 80,
        "confirm_n": 1,
        "model_th": 0.4,
        "atr_stop": 4.0,
        "risk": 0.008,
        "kelly": 0.2,
        "slope": 0.012,
        "max_stop": 0.12,
        "predict_up": -0.05,
        "tp1": 1.05,
        "tp2": 1.2,
        "init_pt": 0.01,
        "trend_stage": 0.15,
        "min_stop": 0.01,
        "atr_mult": 3.5
    },
    "_META": {
        "last_optimized": "2026-05-01 03:31:47",
        "best_value": 125.41904,
        "status": "ACTIVE"
    }
}