{
    "ticker": "sz300100",
    "category": "STOCK",
    "best_params": {
        "window": 52,
        "slope": 0.04428350671770363,
        "strength_alpha": 42,
        "confirm_n": 1,
        "atr_mult": 3.3439819694751174,
        "model_th": 0.49376710510140354,
        "atr_stop": 4.05709733915332,
        "risk": 0.008055718710165064,
        "kelly": 0.16674419307974517,
        "max_stop": 0.1012559557412063,
        "predict_up": -0.02104569222679903,
        "tp1": 1.0545877170301083,
        "tp2": 1.1693212305605343,
        "init_pt": 0.0481507035655826,
        "slope_min": 0.004619100979553413
    },
    "intercept_stats": {
        "ticker": "sz300100",
        "status": "HEALTHY",
        "success_count": 9,
        "total_scans": 13,
        "intercept_report": {
            "model_confidence": 43,
            "slope_filter": 52,
            "predict_up_filter": 0,
            "zero_strength_ghost": 0,
            "other_error": 0
        },
        "current_config": {
            "window": 52,
            "slope": 0.04428350671770363,
            "strength_alpha": 42,
            "confirm_n": 1,
            "atr_mult": 3.3439819694751174,
            "model_th": 0.49376710510140354,
            "atr_stop": 4.05709733915332,
            "risk": 0.008055718710165064,
            "kelly": 0.16674419307974517,
            "max_stop": 0.1012559557412063,
            "predict_up": -0.02104569222679903,
            "tp1": 1.0545877170301083,
            "tp2": 1.1693212305605343,
            "init_pt": 0.0481507035655826,
            "slope_min": 0.004619100979553413
        },
        "slope_stats": {
            "max_ref": 0.1359713714633075,
            "avg_ref": 0.07905939086370002,
            "all_positive_slopes": [
                0.045173661061137405,
                0.023567587735693264,
                0.0017360092376391839,
                0.05804186236572985,
                0.09871452396019223,
                0.12537660191366645,
                0.13453115936732243,
                0.12217150241847385,
                0.1064888581871529,
                0.08138555770477188,
                0.04270348753461697,
                0.031517857100452545,
                0.014824092414224912,
                0.030224709197491154,
                0.07396103715463921,
                0.09722574273367068,
                0.11124920901665451,
                0.12018984030709681,
                0.12950936034522142,
                0.13381566947608262,
                0.13714972681456805,
                0.13801703354517986,
                0.12606240764992188,
                0.11086366125520976,
                0.09395492510338577,
                0.07692054091542035,
                0.05723337667677408,
                0.034131360165604634,
                0.007905698585036789,
                0.007134665967969023
            ]
        },
        "success_rate": "69.2%"
    },
    "search_space": {
        "strength_alpha": {
            "low": 10,
            "high": 80
        },
        "confirm_n": {
            "low": 1,
            "high": 1
        },
        "atr_mult": {
            "low": 2.5,
            "high": 4.5
        },
        "model_th": {
            "low": 0.4,
            "high": 0.55
        },
        "atr_stop": {
            "low": 3.5,
            "high": 4.5
        },
        "risk": {
            "low": 0.005,
            "high": 0.01
        },
        "kelly": {
            "low": 0.15,
            "high": 0.3
        },
        "slope": {
            "low": 0.006,
            "high": 0.02
        },
        "max_stop": {
            "low": 0.08,
            "high": 0.15
        },
        "predict_up": {
            "low": -0.05,
            "high": 0.01
        },
        "tp1": {
            "low": 1.02,
            "high": 1.06
        },
        "tp2": {
            "low": 1.1,
            "high": 1.25
        },
        "init_pt": {
            "low": 0.01,
            "high": 0.05
        },
        "slope_min": {
            "low": 0.0,
            "high": 0.005
        }
    },
    "initial_trial": {
        "strength_alpha": 80,
        "confirm_n": 1,
        "model_th": 0.4,
        "atr_stop": 4.0,
        "risk": 0.008,
        "kelly": 0.2,
        "slope": 0.012,
        "max_stop": 0.12,
        "predict_up": -0.05,
        "tp1": 1.05,
        "tp2": 1.2,
        "init_pt": 0.01,
        "trend_stage": 0.15,
        "min_stop": 0.01,
        "atr_mult": 3.5,
        "slope_min": 0.0001
    },
    "_META": {
        "last_optimized": "2026-05-01 00:31:41",
        "best_value": 126.54715,
        "status": "ACTIVE"
    }
}