{
    "ticker": "sz300497",
    "category": "STOCK",
    "best_params": {
        "window": 96,
        "strength_alpha": 26,
        "confirm_n": 1,
        "atr_mult": 4.570720146748213,
        "model_th": 0.4793643820048302,
        "atr_stop": 6.061386437633768,
        "risk": 0.014676175240075005,
        "kelly": 0.13238007319384748,
        "slope": 0.01076046297785986,
        "max_stop": 0.14880267368352615,
        "slope_min": 0.0019640045656064502,
        "predict_up": -0.03262842999402716,
        "tp1": 1.140821018150256,
        "tp2": 1.2609483445817635,
        "init_pt": 0.02621650759750318,
        "min_stop": 0.029804312256402996
    },
    "intercept_stats": {
        "ticker": "sz300497",
        "status": "ANEMIC",
        "success_count": 1,
        "total_scans": 13,
        "intercept_report": {
            "model_confidence": 12,
            "slope_filter": 86,
            "predict_up_filter": 0,
            "zero_strength_ghost": 5,
            "other_error": 0
        },
        "current_config": {
            "window": 96,
            "strength_alpha": 26,
            "confirm_n": 1,
            "atr_mult": 4.570720146748213,
            "model_th": 0.4793643820048302,
            "atr_stop": 6.061386437633768,
            "risk": 0.014676175240075005,
            "kelly": 0.13238007319384748,
            "slope": 0.01076046297785986,
            "max_stop": 0.14880267368352615,
            "slope_min": 0.0019640045656064502,
            "predict_up": -0.03262842999402716,
            "tp1": 1.140821018150256,
            "tp2": 1.2609483445817635,
            "init_pt": 0.02621650759750318,
            "min_stop": 0.029804312256402996
        },
        "sample_details": [
            {
                "day": "2026-03-30 10:00:00",
                "slope": 0.002788576775221453,
                "strength": 0.012863326469994043
            }
        ],
        "success_rate": "7.7%"
    },
    "search_space": {
        "strength_alpha": {
            "low": 10,
            "high": 50
        },
        "confirm_n": {
            "low": 1,
            "high": 1
        },
        "atr_mult": {
            "low": 4.0,
            "high": 6.0
        },
        "model_th": {
            "low": 0.45,
            "high": 0.55
        },
        "atr_stop": {
            "low": 3.5,
            "high": 7
        },
        "risk": {
            "low": 0.01,
            "high": 0.02
        },
        "kelly": {
            "low": 0.1,
            "high": 0.15
        },
        "slope": {
            "low": 0.01,
            "high": 0.02
        },
        "max_stop": {
            "low": 0.08,
            "high": 0.15
        },
        "slope_min": {
            "low": 0.0,
            "high": 0.005
        },
        "predict_up": {
            "low": -0.05,
            "high": 0.01
        },
        "tp1": {
            "low": 1.08,
            "high": 1.15
        },
        "tp2": {
            "low": 1.2,
            "high": 1.3
        },
        "init_pt": {
            "low": 0.01,
            "high": 0.05
        },
        "min_stop": {
            "low": 0.02,
            "high": 0.03
        }
    },
    "initial_trial": {
        "strength_alpha": 20,
        "confirm_n": 1,
        "model_th": 0.5,
        "atr_stop": 5.0,
        "risk": 0.01,
        "kelly": 0.1,
        "slope": 0.012,
        "max_stop": 0.12,
        "slope_min": 0.001,
        "predict_up": -0.05,
        "tp1": 1.1,
        "tp2": 1.2,
        "init_pt": 0.02,
        "trend_stage": 0.15,
        "min_stop": 0.02,
        "atr_mult": 4.5
    },
    "_META": {
        "last_optimized": "2026-04-06 21:14:57",
        "best_value": -123.58345,
        "status": "ACTIVE"
    }
}