{
    "ticker": "sz301099",
    "category": "STOCK",
    "best_params": {
        "window": 28,
        "slope": 0.09709650709572341,
        "strength_alpha": 21,
        "confirm_n": 1,
        "atr_mult": 4.251495534863015,
        "model_th": 0.5301730793911008,
        "atr_stop": 4.495992226856849,
        "risk": 0.009124655840055023,
        "kelly": 0.21453913858923096,
        "max_stop": 0.12765591945843316,
        "predict_up": 0.0022782300370880193,
        "tp1": 1.0433869748224416,
        "tp2": 1.174013522323121,
        "init_pt": 0.041291467501179124,
        "slope_min": 0.0010462671781516272
    },
    "intercept_stats": {
        "ticker": "sz301099",
        "status": "HEALTHY",
        "success_count": 6,
        "total_scans": 13,
        "intercept_report": {
            "model_confidence": 66,
            "slope_filter": 25,
            "predict_up_filter": 7,
            "zero_strength_ghost": 0,
            "other_error": 0
        },
        "current_config": {
            "window": 28,
            "slope": 0.09709650709572341,
            "strength_alpha": 21,
            "confirm_n": 1,
            "atr_mult": 4.251495534863015,
            "model_th": 0.5301730793911008,
            "atr_stop": 4.495992226856849,
            "risk": 0.009124655840055023,
            "kelly": 0.21453913858923096,
            "max_stop": 0.12765591945843316,
            "predict_up": 0.0022782300370880193,
            "tp1": 1.0433869748224416,
            "tp2": 1.174013522323121,
            "init_pt": 0.041291467501179124,
            "slope_min": 0.0010462671781516272
        },
        "slope_stats": {
            "max_ref": 0.15355211909625283,
            "avg_ref": 0.1069192284333534,
            "all_positive_slopes": [
                0.15595247855034955,
                0.15334151826579864,
                0.15172658213235096,
                0.1538680203419341,
                0.15225982780229189,
                0.14848030924419467,
                0.14406152549694815,
                0.13540300464069435,
                0.12098925580525197,
                0.09653830157306671,
                0.06167337262256291,
                0.0021084035182986527,
                0.01634847620452407,
                0.05413394943096506,
                0.07336676043941391,
                0.09692442506757641,
                0.11292289662637793,
                0.12340829947547276,
                0.11905786028519694,
                0.10313314937165569,
                0.07911200580441115,
                0.04379750004639548,
                0.03462855578741041,
                0.012410826507830455,
                0.00198074380589696,
                0.021368024605382535,
                0.039363792416367865,
                0.0567869957257071,
                0.07581782194508449,
                0.11244807364043286,
                0.1299270776390067,
                0.14020438121437406,
                0.14343501390041039,
                0.14676433818462417,
                0.14875781343477532,
                0.14924976181845037,
                0.14786241492038196,
                0.13861366148577745,
                0.12891066481208832,
                0.11826121678606948,
                0.11494091358854276,
                0.11588818803210517,
                0.1120282569208474,
                0.12105197691900778,
                0.1294322049859644,
                0.13411585630436298,
                0.1385327972153883,
                0.14435195136185172,
                0.14598840183668682,
                0.1442711014171827,
                0.13157260298483936,
                0.11484139656498565,
                0.10395338568665331,
                0.09431598778755551,
                0.08451927006260322,
                0.0731854082495919,
                0.06342927484294082,
                0.04642092450390493,
                0.008198164973654103,
                0.03461911218457612,
                0.0762571811628292,
                0.09288522446799595,
                0.1080758843117996,
                0.1230408110694702,
                0.12649626653019233,
                0.1371512302200976,
                0.1470174840545295,
                0.15135211281328623,
                0.15480555538272361,
                0.15417573767158488,
                0.15109026535816952,
                0.14471034334676042,
                0.1369893014463107
            ]
        },
        "success_rate": "46.2%"
    },
    "search_space": {
        "strength_alpha": {
            "low": 10,
            "high": 80
        },
        "confirm_n": {
            "low": 1,
            "high": 1
        },
        "atr_mult": {
            "low": 2.5,
            "high": 4.5
        },
        "model_th": {
            "low": 0.4,
            "high": 0.55
        },
        "atr_stop": {
            "low": 3.5,
            "high": 4.5
        },
        "risk": {
            "low": 0.005,
            "high": 0.01
        },
        "kelly": {
            "low": 0.15,
            "high": 0.3
        },
        "slope": {
            "low": 0.006,
            "high": 0.02
        },
        "max_stop": {
            "low": 0.08,
            "high": 0.15
        },
        "predict_up": {
            "low": -0.05,
            "high": 0.01
        },
        "tp1": {
            "low": 1.02,
            "high": 1.06
        },
        "tp2": {
            "low": 1.1,
            "high": 1.25
        },
        "init_pt": {
            "low": 0.01,
            "high": 0.05
        },
        "slope_min": {
            "low": 0.0,
            "high": 0.005
        }
    },
    "initial_trial": {
        "strength_alpha": 80,
        "confirm_n": 1,
        "model_th": 0.4,
        "atr_stop": 4.0,
        "risk": 0.008,
        "kelly": 0.2,
        "slope": 0.012,
        "max_stop": 0.12,
        "predict_up": -0.05,
        "tp1": 1.05,
        "tp2": 1.2,
        "init_pt": 0.01,
        "trend_stage": 0.15,
        "min_stop": 0.01,
        "atr_mult": 3.5,
        "slope_min": 0.0001
    },
    "_META": {
        "last_optimized": "2026-04-27 08:41:06",
        "best_value": -11.34781,
        "status": "ACTIVE"
    }
}