{
    "ticker": "sz301696",
    "category": "STOCK",
    "best_params": {
        "window": 68,
        "slope": 0.10458962973820526,
        "strength_alpha": 52,
        "confirm_n": 1,
        "atr_mult": 4.119294666318605,
        "model_th": 0.4278864404884627,
        "atr_stop": 3.6308122322705865,
        "risk": 0.008187028734441522,
        "kelly": 0.23133464900722786,
        "max_stop": 0.13825907693516062,
        "predict_up": -0.017078688448882644,
        "tp1": 1.0574640210729755,
        "tp2": 1.1817874724126836,
        "init_pt": 0.04536366843143791
    },
    "intercept_stats": {
        "ticker": "sz301696",
        "status": "ANEMIC",
        "success_count": 1,
        "total_scans": 13,
        "intercept_report": {
            "model_confidence": 62,
            "slope_filter": 41,
            "predict_up_filter": 0,
            "zero_strength_ghost": 0,
            "other_error": 0
        },
        "current_config": {
            "window": 68,
            "slope": 0.10458962973820526,
            "strength_alpha": 52,
            "confirm_n": 1,
            "atr_mult": 4.119294666318605,
            "model_th": 0.4278864404884627,
            "atr_stop": 3.6308122322705865,
            "risk": 0.008187028734441522,
            "kelly": 0.23133464900722786,
            "max_stop": 0.13825907693516062,
            "predict_up": -0.017078688448882644,
            "tp1": 1.0574640210729755,
            "tp2": 1.1817874724126836,
            "init_pt": 0.04536366843143791
        },
        "slope_stats": {
            "max_ref": 0.16046336878789136,
            "avg_ref": 0.09305333404882178,
            "all_positive_slopes": [
                0.003306052190475781,
                0.008664338959337818,
                0.02327548473604804,
                0.030498201171839635,
                0.03329875165278556,
                0.04369281045967068,
                0.025871681039847317,
                0.015651543312392692,
                0.025145206286894494,
                0.016686076146695237,
                0.04512634255420543,
                0.06739448626764256,
                0.08191193070879918,
                0.07496479359803238,
                0.07532562628717894,
                0.08381034663347794,
                0.09810354979564877,
                0.09527062430911674,
                0.09474165274950866,
                0.09669718762382358,
                0.0847516934664464,
                0.08832789774265067,
                0.08987067295088282,
                0.08145321466250163,
                0.0778850247597937,
                0.08478806201582009,
                0.08509280175241886,
                0.08695698420104928,
                0.09335055344436462,
                0.11067320221201049,
                0.12807132079385658,
                0.1417642018478297,
                0.15151333612556567,
                0.1534630121954396,
                0.15579540281026133,
                0.1578083702366372,
                0.15436831874541657,
                0.15092106847799497,
                0.14667012066761692,
                0.1500954306270233,
                0.15318883826751692,
                0.15744078677699982,
                0.16093189794399504,
                0.1626580174773403,
                0.1642490191445663,
                0.16115335169194406,
                0.15695026708382873,
                0.1527615147117866,
                0.14698931992439826,
                0.1381386966377157,
                0.12928176850878934,
                0.11671178262184508,
                0.1013500902874256,
                0.08048906258233911,
                0.05081100460363993,
                0.0026936304276055883,
                0.02747620898799584,
                0.033745838731332356,
                0.010201861211877987,
                0.04892944405607573,
                0.07462292031265533,
                0.09202990119551467,
                0.10491193924685824,
                0.11463884047154567
            ]
        },
        "success_rate": "7.7%"
    },
    "search_space": {
        "strength_alpha": {
            "low": 10,
            "high": 80
        },
        "confirm_n": {
            "low": 1,
            "high": 1
        },
        "atr_mult": {
            "low": 2.5,
            "high": 4.5
        },
        "model_th": {
            "low": 0.4,
            "high": 0.55
        },
        "atr_stop": {
            "low": 3.5,
            "high": 4.5
        },
        "risk": {
            "low": 0.005,
            "high": 0.01
        },
        "kelly": {
            "low": 0.15,
            "high": 0.3
        },
        "slope": {
            "low": 0.006,
            "high": 0.02
        },
        "max_stop": {
            "low": 0.08,
            "high": 0.15
        },
        "predict_up": {
            "low": -0.05,
            "high": 0.01
        },
        "tp1": {
            "low": 1.02,
            "high": 1.06
        },
        "tp2": {
            "low": 1.1,
            "high": 1.25
        },
        "init_pt": {
            "low": 0.01,
            "high": 0.05
        }
    },
    "initial_trial": {
        "strength_alpha": 80,
        "confirm_n": 1,
        "model_th": 0.4,
        "atr_stop": 4.0,
        "risk": 0.008,
        "kelly": 0.2,
        "slope": 0.012,
        "max_stop": 0.12,
        "predict_up": -0.05,
        "tp1": 1.05,
        "tp2": 1.2,
        "init_pt": 0.01,
        "trend_stage": 0.15,
        "min_stop": 0.01,
        "atr_mult": 3.5
    },
    "_META": {
        "last_optimized": "2026-05-16 14:57:27",
        "best_value": 57.4663,
        "status": "ACTIVE"
    }
}