{
    "ticker": "sz300497",
    "category": "STOCK",
    "best_params": {
        "window": 160,
        "strength_alpha": 10,
        "confirm_n": 1,
        "atr_mult": 4.794926635697795,
        "model_th": 0.4958169334840198,
        "atr_stop": 5.721967915874393,
        "risk": 0.013405601990412994,
        "kelly": 0.11781652124106627,
        "slope": 0.010571721109605739,
        "max_stop": 0.10656677947941431,
        "slope_min": 0.004978796463520788,
        "predict_up": -0.034829490764197724,
        "tp1": 1.090400645748945,
        "tp2": 1.2578117118555439,
        "init_pt": 0.025185684280212173,
        "min_stop": 0.020646865364929115
    },
    "intercept_stats": {
        "ticker": "sz300497",
        "status": "ANEMIC",
        "success_count": 0,
        "total_scans": 13,
        "intercept_report": {
            "model_confidence": 8,
            "slope_filter": 96,
            "predict_up_filter": 0,
            "zero_strength_ghost": 0,
            "other_error": 0
        },
        "current_config": {
            "window": 160,
            "strength_alpha": 10,
            "confirm_n": 1,
            "atr_mult": 4.794926635697795,
            "model_th": 0.4958169334840198,
            "atr_stop": 5.721967915874393,
            "risk": 0.013405601990412994,
            "kelly": 0.11781652124106627,
            "slope": 0.010571721109605739,
            "max_stop": 0.10656677947941431,
            "slope_min": 0.004978796463520788,
            "predict_up": -0.034829490764197724,
            "tp1": 1.090400645748945,
            "tp2": 1.2578117118555439,
            "init_pt": 0.025185684280212173,
            "min_stop": 0.020646865364929115
        },
        "sample_details": [],
        "success_rate": "0.0%"
    },
    "search_space": {
        "strength_alpha": {
            "low": 10,
            "high": 50
        },
        "confirm_n": {
            "low": 1,
            "high": 1
        },
        "atr_mult": {
            "low": 4.0,
            "high": 6.0
        },
        "model_th": {
            "low": 0.45,
            "high": 0.55
        },
        "atr_stop": {
            "low": 3.5,
            "high": 7
        },
        "risk": {
            "low": 0.01,
            "high": 0.02
        },
        "kelly": {
            "low": 0.1,
            "high": 0.15
        },
        "slope": {
            "low": 0.01,
            "high": 0.02
        },
        "max_stop": {
            "low": 0.08,
            "high": 0.15
        },
        "slope_min": {
            "low": 0.0,
            "high": 0.005
        },
        "predict_up": {
            "low": -0.05,
            "high": 0.01
        },
        "tp1": {
            "low": 1.08,
            "high": 1.15
        },
        "tp2": {
            "low": 1.2,
            "high": 1.3
        },
        "init_pt": {
            "low": 0.01,
            "high": 0.05
        },
        "min_stop": {
            "low": 0.02,
            "high": 0.03
        }
    },
    "initial_trial": {
        "strength_alpha": 20,
        "confirm_n": 1,
        "model_th": 0.5,
        "atr_stop": 5.0,
        "risk": 0.01,
        "kelly": 0.1,
        "slope": 0.012,
        "max_stop": 0.12,
        "slope_min": 0.001,
        "predict_up": -0.05,
        "tp1": 1.1,
        "tp2": 1.2,
        "init_pt": 0.02,
        "trend_stage": 0.15,
        "min_stop": 0.02,
        "atr_mult": 4.5
    },
    "_META": {
        "last_optimized": "2026-04-06 20:37:27",
        "best_value": -123.58345,
        "status": "SIGNAL_BLOCKED"
    }
}