{
    "ticker": "sz300497",
    "category": "STOCK",
    "best_params": {
        "strength_alpha": 52,
        "confirm_n": 1,
        "atr_mult": 4.421912613187605,
        "model_th": 0.4171267286501672,
        "atr_stop": 3.6004503785423716,
        "risk": 0.008806840771314087,
        "kelly": 0.2363238029665771,
        "slope": 0.01693724311016099,
        "max_stop": 0.1443569238870634,
        "slope_min": 0.001548230756645495,
        "predict_up": -0.01252121783737742,
        "tp1": 1.0592339848132137,
        "tp2": 1.1329350940063518,
        "init_pt": 0.01602603507033984
    },
    "intercept_stats": {
        "success_count": 0,
        "intercept_report": {
            "model_confidence": 0,
            "slope_filter": 0,
            "predict_up_filter": 0,
            "zero_strength_ghost": 0,
            "other_error": 20
        },
        "scan_days": 20,
        "total_scans": 20,
        "success_rate": "0.0%"
    },
    "search_space": {
        "strength_alpha": {
            "low": 10,
            "high": 50
        },
        "atr_stop": {
            "low": 3.5,
            "high": 7
        },
        "risk": {
            "low": 0.01,
            "high": 0.02
        },
        "kelly": {
            "low": 0.1,
            "high": 0.15
        },
        "slope": {
            "low": 0.01,
            "high": 0.02
        },
        "max_stop": {
            "low": 0.08,
            "high": 0.15
        },
        "slope_min": {
            "low": 0.0,
            "high": 0.005
        },
        "predict_up": {
            "low": -0.05,
            "high": 0.01
        },
        "tp2": {
            "low": 1.2,
            "high": 1.3
        },
        "init_pt": {
            "low": 0.01,
            "high": 0.05
        },
        "min_stop": {
            "low": 0.02,
            "high": 0.03
        },
        "confirm_n": {
            "low": 1,
            "high": 1
        },
        "tp1": {
            "low": 1.08,
            "high": 1.15
        },
        "atr_mult": {
            "low": 4.0,
            "high": 6.0
        },
        "model_th": {
            "low": 0.45,
            "high": 0.55
        }
    },
    "initial_trial": {
        "strength_alpha": 20,
        "confirm_n": 1,
        "model_th": 0.5,
        "atr_stop": 5.0,
        "risk": 0.01,
        "kelly": 0.1,
        "slope": 0.012,
        "max_stop": 0.12,
        "slope_min": 0.001,
        "predict_up": -0.05,
        "tp1": 1.1,
        "tp2": 1.2,
        "init_pt": 0.02,
        "trend_stage": 0.15,
        "min_stop": 0.02,
        "atr_mult": 4.5
    },
    "_META": {
        "last_optimized": "2026-04-03 14:21:24",
        "best_value": -127.70124,
        "status": "SIGNAL_BLOCKED"
    }
}