{
    "ticker": "sz300790",
    "category": "STOCK",
    "best_params": {
        "window": 48,
        "slope": 0.05372157002809318,
        "strength_alpha": 51,
        "confirm_n": 1,
        "atr_mult": 3.780906181225294,
        "model_th": 0.4557235354413955,
        "atr_stop": 4.060715866519428,
        "risk": 0.009989731528129923,
        "kelly": 0.18469400526723367,
        "max_stop": 0.12599941865093267,
        "predict_up": -0.00993097312554592,
        "tp1": 1.0454382984667976,
        "tp2": 1.1513354611349012,
        "init_pt": 0.021692090587478605
    },
    "intercept_stats": {
        "ticker": "sz300790",
        "status": "HEALTHY",
        "success_count": 23,
        "total_scans": 13,
        "intercept_report": {
            "model_confidence": 42,
            "slope_filter": 39,
            "predict_up_filter": 0,
            "zero_strength_ghost": 0,
            "other_error": 0
        },
        "current_config": {
            "window": 48,
            "slope": 0.05372157002809318,
            "strength_alpha": 51,
            "confirm_n": 1,
            "atr_mult": 3.780906181225294,
            "model_th": 0.4557235354413955,
            "atr_stop": 4.060715866519428,
            "risk": 0.009989731528129923,
            "kelly": 0.18469400526723367,
            "max_stop": 0.12599941865093267,
            "predict_up": -0.00993097312554592,
            "tp1": 1.0454382984667976,
            "tp2": 1.1513354611349012,
            "init_pt": 0.021692090587478605
        },
        "slope_stats": {
            "max_ref": 0.16057047924235598,
            "avg_ref": 0.12195075720549692,
            "all_positive_slopes": [
                0.016392641263229927,
                0.06296826217192891,
                0.09207423159051929,
                0.1164824705967149,
                0.1405888394429559,
                0.14788087464551558,
                0.1369934408273906,
                0.12531763812887026,
                0.12275183553718966,
                0.11776682611735251,
                0.10497124728508303,
                0.09592473903688392,
                0.0844626249835556,
                0.07152588591591698,
                0.04385938082414852,
                0.04896162182493705,
                0.04195371623294509,
                0.07861798609755984,
                0.09534597914603586,
                0.10846716098218132,
                0.12007840893209633,
                0.13346491523201562,
                0.1426888503791174,
                0.1524862723833361,
                0.15819165204201147,
                0.16176650729000383,
                0.1612064724702651,
                0.16057155630281128,
                0.15919961050661335,
                0.15836826115084846,
                0.15873902850897062,
                0.16006284364745665,
                0.16069395099110356,
                0.16056078569825843,
                0.1587783330682147,
                0.15627140000319242,
                0.1516472030121056,
                0.15101507929625108,
                0.15027590515789985,
                0.14918340277603592,
                0.14154784769140868,
                0.13710983133010005,
                0.1315048237898088,
                0.12574182811929896,
                0.11817903378452828,
                0.11233237769565722,
                0.10843728709436506,
                0.11041187988537564,
                0.10663476740302233,
                0.12132417474300532,
                0.14456412545771719,
                0.14562892974265598,
                0.14431673367950162,
                0.1353307402982082,
                0.13590049676073593,
                0.13534151305460576,
                0.12998572263971753,
                0.1365538278696355,
                0.13922323259701536,
                0.14071103944360264,
                0.1124309917397948,
                0.04491338596474171,
                0.006215271662280856
            ]
        },
        "success_rate": "176.9%"
    },
    "search_space": {
        "strength_alpha": {
            "low": 10,
            "high": 80
        },
        "confirm_n": {
            "low": 1,
            "high": 1
        },
        "atr_mult": {
            "low": 2.5,
            "high": 4.5
        },
        "model_th": {
            "low": 0.4,
            "high": 0.55
        },
        "atr_stop": {
            "low": 3.5,
            "high": 4.5
        },
        "risk": {
            "low": 0.005,
            "high": 0.01
        },
        "kelly": {
            "low": 0.15,
            "high": 0.3
        },
        "slope": {
            "low": 0.006,
            "high": 0.02
        },
        "max_stop": {
            "low": 0.08,
            "high": 0.15
        },
        "predict_up": {
            "low": -0.05,
            "high": 0.01
        },
        "tp1": {
            "low": 1.02,
            "high": 1.06
        },
        "tp2": {
            "low": 1.1,
            "high": 1.25
        },
        "init_pt": {
            "low": 0.01,
            "high": 0.05
        }
    },
    "initial_trial": {
        "strength_alpha": 80,
        "confirm_n": 1,
        "model_th": 0.4,
        "atr_stop": 4.0,
        "risk": 0.008,
        "kelly": 0.2,
        "slope": 0.012,
        "max_stop": 0.12,
        "predict_up": -0.05,
        "tp1": 1.05,
        "tp2": 1.2,
        "init_pt": 0.01,
        "trend_stage": 0.15,
        "min_stop": 0.01,
        "atr_mult": 3.5
    },
    "_META": {
        "last_optimized": "2026-05-16 12:54:53",
        "best_value": 8.89787,
        "status": "ACTIVE"
    }
}