{
    "ticker": "sz300083",
    "category": "STOCK",
    "best_params": {
        "window": 28,
        "slope": 0.1349413944233665,
        "strength_alpha": 50,
        "confirm_n": 1,
        "atr_mult": 3.8431364889145074,
        "model_th": 0.5338162320865709,
        "atr_stop": 3.5158627187925138,
        "risk": 0.007945682496132415,
        "kelly": 0.21925715835496856,
        "max_stop": 0.09832233787901697,
        "predict_up": 0.0015790045112737613,
        "tp1": 1.0319853478159322,
        "tp2": 1.1707671537170858,
        "init_pt": 0.024661331498136853,
        "slope_min": 0.000707241904375106
    },
    "intercept_stats": {
        "ticker": "sz300083",
        "status": "ANEMIC",
        "success_count": 1,
        "total_scans": 13,
        "intercept_report": {
            "model_confidence": 67,
            "slope_filter": 36,
            "predict_up_filter": 0,
            "zero_strength_ghost": 0,
            "other_error": 0
        },
        "current_config": {
            "window": 28,
            "slope": 0.1349413944233665,
            "strength_alpha": 50,
            "confirm_n": 1,
            "atr_mult": 3.8431364889145074,
            "model_th": 0.5338162320865709,
            "atr_stop": 3.5158627187925138,
            "risk": 0.007945682496132415,
            "kelly": 0.21925715835496856,
            "max_stop": 0.09832233787901697,
            "predict_up": 0.0015790045112737613,
            "tp1": 1.0319853478159322,
            "tp2": 1.1707671537170858,
            "init_pt": 0.024661331498136853,
            "slope_min": 0.000707241904375106
        },
        "slope_stats": {
            "max_ref": 0.13904036062906458,
            "avg_ref": 0.08499012355194105,
            "all_positive_slopes": [
                0.01365576348711922,
                0.04706011222241014,
                0.0851673250464072,
                0.11974721966734952,
                0.12991419121879347,
                0.12347365704633204,
                0.10549856700425678,
                0.07809159405532624,
                0.03467847134371733,
                0.005724008555824531,
                0.012978543530567795,
                0.03480001108383196,
                0.02814670357768574,
                0.022814058631242525,
                0.0187915880514028,
                0.04191969642236751,
                0.07079225250514094,
                0.09411174083225834,
                0.11127008155309123,
                0.12329177545192453,
                0.13018986827173099,
                0.1351951887049067,
                0.13775958710782138,
                0.13837370177712258,
                0.1369125072898821,
                0.134152127138729,
                0.13006028724482865,
                0.1247902262975377,
                0.11413717205263911,
                0.09929154088352335,
                0.08172410436293044,
                0.05933610456531691,
                0.03234815622170336,
                0.020495288300760483,
                0.09154530262040118,
                0.11142372738607854,
                0.11610277891571137,
                0.1117859085432513,
                0.09724206973912186,
                0.02123904922164075,
                0.04122127910823949,
                0.06045632437024871,
                0.07447735203125683,
                0.07547116598730065,
                0.08355975018723391,
                0.08885407175061831,
                0.09580255987826641,
                0.08036596273776646,
                0.056533133534794104,
                0.03305429907659366,
                0.006868059415898062,
                0.06605345141866613,
                0.0947019409345382,
                0.11485258048666139,
                0.1296979324595576,
                0.13825875586431735,
                0.14504029029654297,
                0.14987182531956542,
                0.15324449677376745
            ]
        },
        "success_rate": "7.7%"
    },
    "search_space": {
        "strength_alpha": {
            "low": 10,
            "high": 80
        },
        "confirm_n": {
            "low": 1,
            "high": 1
        },
        "atr_mult": {
            "low": 2.5,
            "high": 4.5
        },
        "model_th": {
            "low": 0.4,
            "high": 0.55
        },
        "atr_stop": {
            "low": 3.5,
            "high": 4.5
        },
        "risk": {
            "low": 0.005,
            "high": 0.01
        },
        "kelly": {
            "low": 0.15,
            "high": 0.3
        },
        "slope": {
            "low": 0.006,
            "high": 0.02
        },
        "max_stop": {
            "low": 0.08,
            "high": 0.15
        },
        "predict_up": {
            "low": -0.05,
            "high": 0.01
        },
        "tp1": {
            "low": 1.02,
            "high": 1.06
        },
        "tp2": {
            "low": 1.1,
            "high": 1.25
        },
        "init_pt": {
            "low": 0.01,
            "high": 0.05
        },
        "slope_min": {
            "low": 0.0,
            "high": 0.005
        }
    },
    "initial_trial": {
        "strength_alpha": 80,
        "confirm_n": 1,
        "model_th": 0.4,
        "atr_stop": 4.0,
        "risk": 0.008,
        "kelly": 0.2,
        "slope": 0.012,
        "max_stop": 0.12,
        "predict_up": -0.05,
        "tp1": 1.05,
        "tp2": 1.2,
        "init_pt": 0.01,
        "trend_stage": 0.15,
        "min_stop": 0.01,
        "atr_mult": 3.5,
        "slope_min": 0.0001
    },
    "_META": {
        "last_optimized": "2026-05-03 14:11:14",
        "best_value": 129.25352,
        "status": "ACTIVE"
    }
}