{
    "ticker": "sz300499",
    "category": "STOCK",
    "best_params": {
        "window": 132,
        "slope": 0.04779750836911951,
        "strength_alpha": 71,
        "confirm_n": 1,
        "atr_mult": 3.871072753202897,
        "model_th": 0.44110340133799686,
        "atr_stop": 4.234947097561058,
        "risk": 0.006570364895490302,
        "kelly": 0.16407307639869056,
        "max_stop": 0.1059357043387435,
        "predict_up": 0.002678505382399256,
        "tp1": 1.044247334642913,
        "tp2": 1.1297967230794839,
        "init_pt": 0.012007292688456829,
        "slope_min": 0.004963230182704808
    },
    "intercept_stats": {
        "ticker": "sz300499",
        "status": "ANEMIC",
        "success_count": 2,
        "total_scans": 13,
        "intercept_report": {
            "model_confidence": 44,
            "slope_filter": 47,
            "predict_up_filter": 11,
            "zero_strength_ghost": 0,
            "other_error": 0
        },
        "current_config": {
            "window": 132,
            "slope": 0.04779750836911951,
            "strength_alpha": 71,
            "confirm_n": 1,
            "atr_mult": 3.871072753202897,
            "model_th": 0.44110340133799686,
            "atr_stop": 4.234947097561058,
            "risk": 0.006570364895490302,
            "kelly": 0.16407307639869056,
            "max_stop": 0.1059357043387435,
            "predict_up": 0.002678505382399256,
            "tp1": 1.044247334642913,
            "tp2": 1.1297967230794839,
            "init_pt": 0.012007292688456829,
            "slope_min": 0.004963230182704808
        },
        "slope_stats": {
            "max_ref": 0.16010150892171537,
            "avg_ref": 0.11537463678813903,
            "all_positive_slopes": [
                0.08423991375881927,
                0.10662702908881275,
                0.12361018577154846,
                0.13863888084051673,
                0.144854792038912,
                0.14785367898224516,
                0.1424566035281041,
                0.1393310894626854,
                0.12845174078767999,
                0.13302669819403257,
                0.13601450860781447,
                0.13700857797540955,
                0.1390524264462483,
                0.13782176031008633,
                0.13671127437520858,
                0.1362603123939801,
                0.10721051387605886,
                0.07527248612990926,
                0.041450307021659395,
                0.006959302214884671,
                0.023645490255203797,
                0.057144629399299596,
                0.09687402414972861,
                0.08302366682512623,
                0.07197695922018416,
                0.055494464491702165,
                0.03935732547611675,
                0.00940503619274021,
                0.0463562800299677,
                0.07213651419443964,
                0.09018307895515597,
                0.10510724425695986,
                0.11528187439353021,
                0.12617581111237497,
                0.13627200419402366,
                0.14581825828138706,
                0.1534384358928141,
                0.15906067115504444,
                0.15799894222038965,
                0.1595606496619464,
                0.16054403013425364,
                0.16139056682362732,
                0.16093021904033192,
                0.1582380587884128,
                0.1552890295604488,
                0.1512664545614479,
                0.14909851068298494,
                0.14615605540880525,
                0.14253727342919134,
                0.1361181988146964
            ]
        },
        "success_rate": "15.4%"
    },
    "search_space": {
        "strength_alpha": {
            "low": 10,
            "high": 80
        },
        "confirm_n": {
            "low": 1,
            "high": 1
        },
        "atr_mult": {
            "low": 2.5,
            "high": 4.5
        },
        "model_th": {
            "low": 0.4,
            "high": 0.55
        },
        "atr_stop": {
            "low": 3.5,
            "high": 4.5
        },
        "risk": {
            "low": 0.005,
            "high": 0.01
        },
        "kelly": {
            "low": 0.15,
            "high": 0.3
        },
        "slope": {
            "low": 0.006,
            "high": 0.02
        },
        "max_stop": {
            "low": 0.08,
            "high": 0.15
        },
        "predict_up": {
            "low": -0.05,
            "high": 0.01
        },
        "tp1": {
            "low": 1.02,
            "high": 1.06
        },
        "tp2": {
            "low": 1.1,
            "high": 1.25
        },
        "init_pt": {
            "low": 0.01,
            "high": 0.05
        },
        "slope_min": {
            "low": 0.0,
            "high": 0.005
        }
    },
    "initial_trial": {
        "strength_alpha": 80,
        "confirm_n": 1,
        "model_th": 0.4,
        "atr_stop": 4.0,
        "risk": 0.008,
        "kelly": 0.2,
        "slope": 0.012,
        "max_stop": 0.12,
        "predict_up": -0.05,
        "tp1": 1.05,
        "tp2": 1.2,
        "init_pt": 0.01,
        "trend_stage": 0.15,
        "min_stop": 0.01,
        "atr_mult": 3.5,
        "slope_min": 0.0001
    },
    "_META": {
        "last_optimized": "2026-05-10 14:42:00",
        "best_value": 8.72507,
        "status": "ACTIVE"
    }
}