{
    "ticker": "sz300499",
    "category": "STOCK",
    "best_params": {
        "window": 144,
        "slope": 0.1017033905353583,
        "strength_alpha": 60,
        "confirm_n": 1,
        "atr_mult": 3.0847512804321524,
        "model_th": 0.44353871642979015,
        "atr_stop": 4.3339091902944595,
        "risk": 0.008175234565788385,
        "kelly": 0.25169092810140725,
        "max_stop": 0.10823388227836349,
        "predict_up": -0.015114512360524995,
        "tp1": 1.05281825924807,
        "tp2": 1.188334857281745,
        "init_pt": 0.01678933649785711,
        "slope_min": 0.004587061395241699
    },
    "intercept_stats": {
        "ticker": "sz300499",
        "status": "HEALTHY",
        "success_count": 5,
        "total_scans": 13,
        "intercept_report": {
            "model_confidence": 37,
            "slope_filter": 62,
            "predict_up_filter": 0,
            "zero_strength_ghost": 0,
            "other_error": 0
        },
        "current_config": {
            "window": 144,
            "slope": 0.1017033905353583,
            "strength_alpha": 60,
            "confirm_n": 1,
            "atr_mult": 3.0847512804321524,
            "model_th": 0.44353871642979015,
            "atr_stop": 4.3339091902944595,
            "risk": 0.008175234565788385,
            "kelly": 0.25169092810140725,
            "max_stop": 0.10823388227836349,
            "predict_up": -0.015114512360524995,
            "tp1": 1.05281825924807,
            "tp2": 1.188334857281745,
            "init_pt": 0.01678933649785711,
            "slope_min": 0.004587061395241699
        },
        "slope_stats": {
            "max_ref": 0.1601998469689461,
            "avg_ref": 0.10017940768836399,
            "all_positive_slopes": [
                0.00940503619274021,
                0.0463562800299677,
                0.07213651419443964,
                0.09018307895515597,
                0.10510724425695986,
                0.11528187439353021,
                0.12617581111237497,
                0.13627200419402366,
                0.14581825828138706,
                0.1534384358928141,
                0.15906067115504444,
                0.15799894222038965,
                0.1595606496619464,
                0.16054403013425364,
                0.16139056682362732,
                0.16093021904033192,
                0.1582380587884128,
                0.1552890295604488,
                0.1512664545614479,
                0.14909851068298494,
                0.14615605540880525,
                0.14253727342919134,
                0.1361181988146964,
                0.12332358076083971,
                0.11483849601262952,
                0.10597714991914477,
                0.0986330154842944,
                0.08346610476061246,
                0.06666323601909373,
                0.040243396116761136,
                0.002059689168291852,
                0.005470644909505806,
                0.0038444065059327847,
                0.017466074563153397,
                0.03288046251012339,
                0.04119987672935221,
                0.04254605569299394,
                0.06910717613970839,
                0.09524096751311022,
                0.12337575197665047,
                0.13077881373198313,
                0.12183274475713843,
                0.11943834826963999,
                0.11479338970905348,
                0.09827075919958272,
                0.08012804578460626,
                0.061426657514012134,
                0.017243527508283472
            ]
        },
        "success_rate": "38.5%"
    },
    "search_space": {
        "strength_alpha": {
            "low": 10,
            "high": 80
        },
        "confirm_n": {
            "low": 1,
            "high": 1
        },
        "atr_mult": {
            "low": 2.5,
            "high": 4.5
        },
        "model_th": {
            "low": 0.4,
            "high": 0.55
        },
        "atr_stop": {
            "low": 3.5,
            "high": 4.5
        },
        "risk": {
            "low": 0.005,
            "high": 0.01
        },
        "kelly": {
            "low": 0.15,
            "high": 0.3
        },
        "slope": {
            "low": 0.006,
            "high": 0.02
        },
        "max_stop": {
            "low": 0.08,
            "high": 0.15
        },
        "predict_up": {
            "low": -0.05,
            "high": 0.01
        },
        "tp1": {
            "low": 1.02,
            "high": 1.06
        },
        "tp2": {
            "low": 1.1,
            "high": 1.25
        },
        "init_pt": {
            "low": 0.01,
            "high": 0.05
        },
        "slope_min": {
            "low": 0.0,
            "high": 0.005
        }
    },
    "initial_trial": {
        "strength_alpha": 80,
        "confirm_n": 1,
        "model_th": 0.4,
        "atr_stop": 4.0,
        "risk": 0.008,
        "kelly": 0.2,
        "slope": 0.012,
        "max_stop": 0.12,
        "predict_up": -0.05,
        "tp1": 1.05,
        "tp2": 1.2,
        "init_pt": 0.01,
        "trend_stage": 0.15,
        "min_stop": 0.01,
        "atr_mult": 3.5,
        "slope_min": 0.0001
    },
    "_META": {
        "last_optimized": "2026-05-16 10:53:43",
        "best_value": 40.05241,
        "status": "ACTIVE"
    }
}