{
    "ticker": "sz300100",
    "category": "STOCK",
    "best_params": {
        "window": 120,
        "slope": 0.024709848332615445,
        "strength_alpha": 33,
        "confirm_n": 1,
        "atr_mult": 3.206048989348008,
        "model_th": 0.41874449045561146,
        "atr_stop": 4.120582472105668,
        "risk": 0.007671514216248223,
        "kelly": 0.16415620184527774,
        "max_stop": 0.14338512302172352,
        "predict_up": -0.0009922117150218694,
        "tp1": 1.0364208838372333,
        "tp2": 1.2209726636067515,
        "init_pt": 0.027380805897774235,
        "slope_min": 0.0007224720308023964
    },
    "intercept_stats": {
        "ticker": "sz300100",
        "status": "HEALTHY",
        "success_count": 9,
        "total_scans": 13,
        "intercept_report": {
            "model_confidence": 26,
            "slope_filter": 56,
            "predict_up_filter": 13,
            "zero_strength_ghost": 0,
            "other_error": 0
        },
        "current_config": {
            "window": 120,
            "slope": 0.024709848332615445,
            "strength_alpha": 33,
            "confirm_n": 1,
            "atr_mult": 3.206048989348008,
            "model_th": 0.41874449045561146,
            "atr_stop": 4.120582472105668,
            "risk": 0.007671514216248223,
            "kelly": 0.16415620184527774,
            "max_stop": 0.14338512302172352,
            "predict_up": -0.0009922117150218694,
            "tp1": 1.0364208838372333,
            "tp2": 1.2209726636067515,
            "init_pt": 0.027380805897774235,
            "slope_min": 0.0007224720308023964
        },
        "slope_stats": {
            "max_ref": 0.13435228689451248,
            "avg_ref": 0.08158456995903618,
            "all_positive_slopes": [
                0.09125432014205845,
                0.08433205458913637,
                0.07575041956496875,
                0.05856809011049696,
                0.05652099992674313,
                0.06715255683964817,
                0.07696334391250521,
                0.08989726096508943,
                0.09475417638926766,
                0.10200982029992553,
                0.10973326300894982,
                0.1177661956290464,
                0.10859961218522092,
                0.09680768051539934,
                0.08572818150129757,
                0.06527051662491017,
                0.045173661061137405,
                0.023567587735693264,
                0.0017360092376391839,
                0.05804186236572985,
                0.09871452396019223,
                0.12537660191366645,
                0.13453115936732243,
                0.12217150241847385,
                0.1064888581871529,
                0.08138555770477188,
                0.04270348753461697,
                0.031517857100452545,
                0.014824092414224912,
                0.030224709197491154,
                0.07396103715463921,
                0.09722574273367068,
                0.11124920901665451,
                0.12018984030709681,
                0.12950936034522142,
                0.13381566947608262,
                0.13714972681456805,
                0.13801703354517986,
                0.12606240764992188,
                0.11086366125520976,
                0.09395492510338577,
                0.07692054091542035,
                0.05723337667677408,
                0.034131360165604634,
                0.007905698585036789,
                0.007134665967969023
            ]
        },
        "success_rate": "69.2%"
    },
    "search_space": {
        "strength_alpha": {
            "low": 10,
            "high": 80
        },
        "confirm_n": {
            "low": 1,
            "high": 1
        },
        "atr_mult": {
            "low": 2.5,
            "high": 4.5
        },
        "model_th": {
            "low": 0.4,
            "high": 0.55
        },
        "atr_stop": {
            "low": 3.5,
            "high": 4.5
        },
        "risk": {
            "low": 0.005,
            "high": 0.01
        },
        "kelly": {
            "low": 0.15,
            "high": 0.3
        },
        "slope": {
            "low": 0.006,
            "high": 0.02
        },
        "max_stop": {
            "low": 0.08,
            "high": 0.15
        },
        "predict_up": {
            "low": -0.05,
            "high": 0.01
        },
        "tp1": {
            "low": 1.02,
            "high": 1.06
        },
        "tp2": {
            "low": 1.1,
            "high": 1.25
        },
        "init_pt": {
            "low": 0.01,
            "high": 0.05
        },
        "slope_min": {
            "low": 0.0,
            "high": 0.005
        }
    },
    "initial_trial": {
        "strength_alpha": 80,
        "confirm_n": 1,
        "model_th": 0.4,
        "atr_stop": 4.0,
        "risk": 0.008,
        "kelly": 0.2,
        "slope": 0.012,
        "max_stop": 0.12,
        "predict_up": -0.05,
        "tp1": 1.05,
        "tp2": 1.2,
        "init_pt": 0.01,
        "trend_stage": 0.15,
        "min_stop": 0.01,
        "atr_mult": 3.5,
        "slope_min": 0.0001
    },
    "_META": {
        "last_optimized": "2026-04-27 10:56:56",
        "best_value": 14.37922,
        "status": "ACTIVE"
    }
}