{
    "ticker": "sz300499",
    "category": "STOCK",
    "best_params": {
        "window": 40,
        "slope": 0.12749062610445794,
        "strength_alpha": 50,
        "confirm_n": 1,
        "atr_mult": 3.6623272677763667,
        "model_th": 0.41340026139559705,
        "atr_stop": 4.156894479167646,
        "risk": 0.005994489052118608,
        "kelly": 0.27628306568883476,
        "max_stop": 0.09883237127616082,
        "predict_up": -0.006406078373899681,
        "tp1": 1.0441786425972726,
        "tp2": 1.1874041818818244,
        "init_pt": 0.042192295461322984,
        "slope_min": 0.0029871312293798477
    },
    "intercept_stats": {
        "ticker": "sz300499",
        "status": "HEALTHY",
        "success_count": 15,
        "total_scans": 13,
        "intercept_report": {
            "model_confidence": 26,
            "slope_filter": 60,
            "predict_up_filter": 3,
            "zero_strength_ghost": 0,
            "other_error": 0
        },
        "current_config": {
            "window": 40,
            "slope": 0.12749062610445794,
            "strength_alpha": 50,
            "confirm_n": 1,
            "atr_mult": 3.6623272677763667,
            "model_th": 0.41340026139559705,
            "atr_stop": 4.156894479167646,
            "risk": 0.005994489052118608,
            "kelly": 0.27628306568883476,
            "max_stop": 0.09883237127616082,
            "predict_up": -0.006406078373899681,
            "tp1": 1.0441786425972726,
            "tp2": 1.1874041818818244,
            "init_pt": 0.042192295461322984,
            "slope_min": 0.0029871312293798477
        },
        "slope_stats": {
            "max_ref": 0.15832877850715543,
            "avg_ref": 0.10598576378942545,
            "all_positive_slopes": [
                0.1463683402696231,
                0.1461299889727185,
                0.14608183069679806,
                0.14447378875247013,
                0.15117925321917802,
                0.15330862450572613,
                0.16217837012478414,
                0.1626736677516466,
                0.1598663235035953,
                0.15602246101249564,
                0.1472442124903628,
                0.13979240054964723,
                0.1298481551673993,
                0.12077585332106074,
                0.10261445877541196,
                0.07762631373040652,
                0.06082123819982353,
                0.041411704005272346,
                0.017379300660873478,
                0.0020784068745023218,
                0.006490299839942518,
                0.048568791636131474,
                0.08423991375881927,
                0.10662702908881275,
                0.12361018577154846,
                0.13863888084051673,
                0.144854792038912,
                0.14785367898224516,
                0.1424566035281041,
                0.1393310894626854,
                0.12845174078767999,
                0.13302669819403257,
                0.13601450860781447,
                0.13700857797540955,
                0.1390524264462483,
                0.13782176031008633,
                0.13671127437520858,
                0.1362603123939801,
                0.10721051387605886,
                0.07527248612990926,
                0.041450307021659395,
                0.006959302214884671,
                0.023645490255203797,
                0.057144629399299596,
                0.09687402414972861,
                0.08302366682512623,
                0.07197695922018416,
                0.055494464491702165,
                0.03935732547611675
            ]
        },
        "success_rate": "115.4%"
    },
    "search_space": {
        "strength_alpha": {
            "low": 10,
            "high": 80
        },
        "confirm_n": {
            "low": 1,
            "high": 1
        },
        "atr_mult": {
            "low": 2.5,
            "high": 4.5
        },
        "model_th": {
            "low": 0.4,
            "high": 0.55
        },
        "atr_stop": {
            "low": 3.5,
            "high": 4.5
        },
        "risk": {
            "low": 0.005,
            "high": 0.01
        },
        "kelly": {
            "low": 0.15,
            "high": 0.3
        },
        "slope": {
            "low": 0.006,
            "high": 0.02
        },
        "max_stop": {
            "low": 0.08,
            "high": 0.15
        },
        "predict_up": {
            "low": -0.05,
            "high": 0.01
        },
        "tp1": {
            "low": 1.02,
            "high": 1.06
        },
        "tp2": {
            "low": 1.1,
            "high": 1.25
        },
        "init_pt": {
            "low": 0.01,
            "high": 0.05
        },
        "slope_min": {
            "low": 0.0,
            "high": 0.005
        }
    },
    "initial_trial": {
        "strength_alpha": 80,
        "confirm_n": 1,
        "model_th": 0.4,
        "atr_stop": 4.0,
        "risk": 0.008,
        "kelly": 0.2,
        "slope": 0.012,
        "max_stop": 0.12,
        "predict_up": -0.05,
        "tp1": 1.05,
        "tp2": 1.2,
        "init_pt": 0.01,
        "trend_stage": 0.15,
        "min_stop": 0.01,
        "atr_mult": 3.5,
        "slope_min": 0.0001
    },
    "_META": {
        "last_optimized": "2026-05-03 11:04:27",
        "best_value": 297.92852,
        "status": "ACTIVE"
    }
}