{
    "ticker": "sz300142",
    "category": "STOCK",
    "best_params": {
        "window": 112,
        "slope": 0.13312213829423078,
        "strength_alpha": 30,
        "confirm_n": 1,
        "atr_mult": 3.576364713990564,
        "model_th": 0.4435785289927769,
        "atr_stop": 4.491898284001803,
        "risk": 0.009205862540253466,
        "kelly": 0.2918483478044158,
        "max_stop": 0.09201796467974582,
        "predict_up": 0.008730150272370854,
        "tp1": 1.0445768470911683,
        "tp2": 1.1092209330114806,
        "init_pt": 0.03545754330243283,
        "slope_min": 0.0034800448847097545
    },
    "intercept_stats": {
        "ticker": "sz300142",
        "status": "ANEMIC",
        "success_count": 0,
        "total_scans": 13,
        "intercept_report": {
            "model_confidence": 37,
            "slope_filter": 65,
            "predict_up_filter": 2,
            "zero_strength_ghost": 0,
            "other_error": 0
        },
        "current_config": {
            "window": 112,
            "slope": 0.13312213829423078,
            "strength_alpha": 30,
            "confirm_n": 1,
            "atr_mult": 3.576364713990564,
            "model_th": 0.4435785289927769,
            "atr_stop": 4.491898284001803,
            "risk": 0.009205862540253466,
            "kelly": 0.2918483478044158,
            "max_stop": 0.09201796467974582,
            "predict_up": 0.008730150272370854,
            "tp1": 1.0445768470911683,
            "tp2": 1.1092209330114806,
            "init_pt": 0.03545754330243283,
            "slope_min": 0.0034800448847097545
        },
        "slope_stats": {
            "max_ref": 0.1463775371142487,
            "avg_ref": 0.11140113942283368,
            "all_positive_slopes": [
                0.01381763571547686,
                0.0637142123533171,
                0.0935574079764587,
                0.11272260785012558,
                0.12407343873291096,
                0.13254050572569395,
                0.13481075376060106,
                0.14020988224144712,
                0.14348346000149836,
                0.13771453436706083,
                0.1318657327242231,
                0.12325505801999057,
                0.11259525909556878,
                0.09210050825479146,
                0.06786538397693376,
                0.03581831448628548,
                0.0065247542307335865,
                0.06236707366041794,
                0.09101406114614279,
                0.10986987393149655,
                0.12377602496024781,
                0.13082961984509867,
                0.13685863860116904,
                0.14147040257347163,
                0.14407493876759994,
                0.1461501758866634,
                0.1463775371142487,
                0.1455683231270234,
                0.1433092332327162,
                0.13881793961892136,
                0.13179729511600663,
                0.12297787274579629,
                0.11177992557892924,
                0.10181907080028048,
                0.09067528899538732,
                0.07180926527594775,
                0.04804647979987388,
                0.1118814961142584,
                0.1430169077443479,
                0.15338281712021146,
                0.15310700506680658
            ]
        },
        "success_rate": "0.0%"
    },
    "search_space": {
        "strength_alpha": {
            "low": 10,
            "high": 80
        },
        "confirm_n": {
            "low": 1,
            "high": 1
        },
        "atr_mult": {
            "low": 2.5,
            "high": 4.5
        },
        "model_th": {
            "low": 0.4,
            "high": 0.55
        },
        "atr_stop": {
            "low": 3.5,
            "high": 4.5
        },
        "risk": {
            "low": 0.005,
            "high": 0.01
        },
        "kelly": {
            "low": 0.15,
            "high": 0.3
        },
        "slope": {
            "low": 0.006,
            "high": 0.02
        },
        "max_stop": {
            "low": 0.08,
            "high": 0.15
        },
        "predict_up": {
            "low": -0.05,
            "high": 0.01
        },
        "tp1": {
            "low": 1.02,
            "high": 1.06
        },
        "tp2": {
            "low": 1.1,
            "high": 1.25
        },
        "init_pt": {
            "low": 0.01,
            "high": 0.05
        },
        "slope_min": {
            "low": 0.0,
            "high": 0.005
        }
    },
    "initial_trial": {
        "strength_alpha": 80,
        "confirm_n": 1,
        "model_th": 0.4,
        "atr_stop": 4.0,
        "risk": 0.008,
        "kelly": 0.2,
        "slope": 0.012,
        "max_stop": 0.12,
        "predict_up": -0.05,
        "tp1": 1.05,
        "tp2": 1.2,
        "init_pt": 0.01,
        "trend_stage": 0.15,
        "min_stop": 0.01,
        "atr_mult": 3.5,
        "slope_min": 0.0001
    },
    "_META": {
        "last_optimized": "2026-05-03 13:47:32",
        "best_value": -62.40436,
        "status": "SIGNAL_BLOCKED"
    }
}