{
    "ticker": "sz301099",
    "category": "STOCK",
    "best_params": {
        "window": 120,
        "slope": 0.12254437866329493,
        "strength_alpha": 67,
        "confirm_n": 1,
        "atr_mult": 3.635283818462736,
        "model_th": 0.5076850754312934,
        "atr_stop": 3.6212401777772376,
        "risk": 0.009942756983668085,
        "kelly": 0.2269392955825964,
        "max_stop": 0.08366129474662665,
        "predict_up": -0.006781514169053177,
        "tp1": 1.0433448999677144,
        "tp2": 1.1205763740638781,
        "init_pt": 0.03656926480248778,
        "slope_min": 0.004303728578464417
    },
    "intercept_stats": {
        "ticker": "sz301099",
        "status": "HEALTHY",
        "success_count": 5,
        "total_scans": 13,
        "intercept_report": {
            "model_confidence": 82,
            "slope_filter": 17,
            "predict_up_filter": 0,
            "zero_strength_ghost": 0,
            "other_error": 0
        },
        "current_config": {
            "window": 120,
            "slope": 0.12254437866329493,
            "strength_alpha": 67,
            "confirm_n": 1,
            "atr_mult": 3.635283818462736,
            "model_th": 0.5076850754312934,
            "atr_stop": 3.6212401777772376,
            "risk": 0.009942756983668085,
            "kelly": 0.2269392955825964,
            "max_stop": 0.08366129474662665,
            "predict_up": -0.006781514169053177,
            "tp1": 1.0433448999677144,
            "tp2": 1.1205763740638781,
            "init_pt": 0.03656926480248778,
            "slope_min": 0.004303728578464417
        },
        "slope_stats": {
            "max_ref": 0.15147701921976936,
            "avg_ref": 0.11598281490280138,
            "all_positive_slopes": [
                0.03461911218457612,
                0.0762571811628292,
                0.09288522446799595,
                0.1080758843117996,
                0.1230408110694702,
                0.12649626653019233,
                0.1371512302200976,
                0.1470174840545295,
                0.15135211281328623,
                0.15480555538272361,
                0.15417573767158488,
                0.15109026535816952,
                0.14471034334676042,
                0.1369893014463107,
                0.13631089455849305,
                0.13457056561292616,
                0.13217304749518208,
                0.13578801707299443,
                0.13739263538227975,
                0.14120156579461293,
                0.1436497133222511,
                0.1413078497151226,
                0.13666921926421158,
                0.12640352324051915,
                0.11078083343217439,
                0.08687174150323074,
                0.08142542926671986,
                0.06721289905436675,
                0.049782223734479124,
                0.03542703001547002,
                0.06273722668316008,
                0.07334721894755489,
                0.07898320668348542,
                0.0844982141815801,
                0.10321330923155803,
                0.11655645528811948,
                0.12403834787694584,
                0.13142648615261052,
                0.13744686405471604,
                0.14047668446413103,
                0.1447446005072157,
                0.14650995017168542,
                0.14722623211822924,
                0.1452326139954591,
                0.14614158669483523,
                0.14570554118438095,
                0.14396653920732952,
                0.13725110398178095,
                0.13406332839420892,
                0.1414147568431683,
                0.1489166163847882,
                0.14757979047977884,
                0.14605002574521167,
                0.14614870393657825,
                0.14687836628422615,
                0.15140640227060814,
                0.15168887006725296,
                0.1527481340662281,
                0.1511645899966606,
                0.1489591043496445,
                0.15008412789839531,
                0.15029110945264132,
                0.13506944549692665,
                0.10686360850707063,
                0.08745444633949634,
                0.057793876843749925,
                0.035180274719288085,
                0.003172933875507667,
                0.022188948600273043,
                0.076437528177174,
                0.0995192324438804,
                0.1108962508484717,
                0.12053988196959321,
                0.09561423312127047,
                0.039787426999958624,
                0.011646038590711866
            ]
        },
        "success_rate": "38.5%"
    },
    "search_space": {
        "strength_alpha": {
            "low": 10,
            "high": 80
        },
        "confirm_n": {
            "low": 1,
            "high": 1
        },
        "atr_mult": {
            "low": 2.5,
            "high": 4.5
        },
        "model_th": {
            "low": 0.4,
            "high": 0.55
        },
        "atr_stop": {
            "low": 3.5,
            "high": 4.5
        },
        "risk": {
            "low": 0.005,
            "high": 0.01
        },
        "kelly": {
            "low": 0.15,
            "high": 0.3
        },
        "slope": {
            "low": 0.006,
            "high": 0.02
        },
        "max_stop": {
            "low": 0.08,
            "high": 0.15
        },
        "predict_up": {
            "low": -0.05,
            "high": 0.01
        },
        "tp1": {
            "low": 1.02,
            "high": 1.06
        },
        "tp2": {
            "low": 1.1,
            "high": 1.25
        },
        "init_pt": {
            "low": 0.01,
            "high": 0.05
        },
        "slope_min": {
            "low": 0.0,
            "high": 0.005
        }
    },
    "initial_trial": {
        "strength_alpha": 80,
        "confirm_n": 1,
        "model_th": 0.4,
        "atr_stop": 4.0,
        "risk": 0.008,
        "kelly": 0.2,
        "slope": 0.012,
        "max_stop": 0.12,
        "predict_up": -0.05,
        "tp1": 1.05,
        "tp2": 1.2,
        "init_pt": 0.01,
        "trend_stage": 0.15,
        "min_stop": 0.01,
        "atr_mult": 3.5,
        "slope_min": 0.0001
    },
    "_META": {
        "last_optimized": "2026-05-16 10:05:36",
        "best_value": 19.41531,
        "status": "ACTIVE"
    }
}