{
    "STRENGTH_ALPHA": 1.3991228712753623,
    "CONFIRM_N": 3,
    "TP2": 1.1292880166349661,
    "MODEL_TH": 0.4256793498672155,
    "ATR_STOP": 2.9149011048928943,
    "RISK": 0.011703097409077927,
    "KELLY": 0.41533566804363115,
    "SLOPE": 8.819803627524848e-05,
    "MAX_STOP": 0.034043571222917776,
    "ETF_PREDICT_UP": 0.004796482458506986,
    "ETF_INIT_PT": 0.03975218690414359,
    "ETF_TP1": 1.0516741124347284
}